# AgroAgents Mountain Backdrop
# Tailored for 30x30 grid, tile size 8, origin ~0,0,0
mtllib Agro_MountainBackdrop.mtl
o Agro_MountainBackdrop
v -110.0000 -2.0000 300.0000
v -110.0000 3.7600 320.5733
v -110.0000 10.0000 337.7177
v -110.0000 3.0400 354.2176
v -110.0000 -2.0000 370.0000
v -96.3030 -2.0000 300.0000
v -96.3030 4.8022 318.6223
v -96.3030 12.1713 334.1410
v -96.3030 3.9520 352.4689
v -96.3030 -2.0000 370.0000
v -82.6061 -2.0000 300.0000
v -82.6061 5.6396 322.1005
v -82.6061 13.9158 340.5176
v -82.6061 4.6846 355.5864
v -82.6061 -2.0000 370.0000
v -68.9091 -2.0000 300.0000
v -68.9091 6.0762 323.3364
v -68.9091 14.8254 342.7834
v -68.9091 5.0667 356.6941
v -68.9091 -2.0000 370.0000
v -55.2121 -2.0000 300.0000
v -55.2121 6.6017 320.2625
v -55.2121 15.9201 337.1479
v -55.2121 5.5265 353.9390
v -55.2121 -2.0000 370.0000
v -41.5152 -2.0000 300.0000
v -41.5152 7.4466 320.4169
v -41.5152 17.6804 337.4310
v -41.5152 6.2658 354.0774
v -41.5152 -2.0000 370.0000
v -27.8182 -2.0000 300.0000
v -27.8182 8.2947 317.9853
v -27.8182 19.4473 332.9730
v -27.8182 7.0078 351.8979
v -27.8182 -2.0000 370.0000
v -14.1212 -2.0000 300.0000
v -14.1212 8.4535 321.2143
v -14.1212 19.7780 338.8929
v -14.1212 7.1468 354.7921
v -14.1212 -2.0000 370.0000
v -0.4242 -2.0000 300.0000
v -0.4242 7.9233 318.0790
v -0.4242 18.6735 333.1449
v -0.4242 6.6829 351.9820
v -0.4242 -2.0000 370.0000
v 13.2727 -2.0000 300.0000
v 13.2727 7.1220 318.0031
v 13.2727 17.0041 333.0058
v 13.2727 5.9817 351.9139
v 13.2727 -2.0000 370.0000
v 26.9697 -2.0000 300.0000
v 26.9697 6.1983 318.8824
v 26.9697 15.0798 334.6177
v 26.9697 5.1735 352.7020
v 26.9697 -2.0000 370.0000
v 40.6667 -2.0000 300.0000
v 40.6667 5.4680 319.0502
v 40.6667 13.5584 334.9254
v 40.6667 4.5345 352.8524
v 40.6667 -2.0000 370.0000
v 54.3636 -2.0000 300.0000
v 54.3636 5.1587 318.8665
v 54.3636 12.9141 334.5885
v 54.3636 4.2639 352.6877
v 54.3636 -2.0000 370.0000
v 68.0606 -2.0000 300.0000
v 68.0606 5.0239 322.3946
v 68.0606 12.6331 341.0567
v 68.0606 4.1459 355.8499
v 68.0606 -2.0000 370.0000
v 81.7576 -2.0000 300.0000
v 81.7576 4.5047 321.9310
v 81.7576 11.5515 340.2068
v 81.7576 3.6916 355.4344
v 81.7576 -2.0000 370.0000
v 95.4545 -2.0000 300.0000
v 95.4545 4.4687 320.9905
v 95.4545 11.4765 338.4827
v 95.4545 3.6601 354.5915
v 95.4545 -2.0000 370.0000
v 109.1515 -2.0000 300.0000
v 109.1515 5.3838 319.8472
v 109.1515 13.3830 336.3865
v 109.1515 4.4609 353.5667
v 109.1515 -2.0000 370.0000
v 122.8485 -2.0000 300.0000
v 122.8485 7.1784 322.1673
v 122.8485 17.1218 340.6401
v 122.8485 6.0311 355.6463
v 122.8485 -2.0000 370.0000
v 136.5455 -2.0000 300.0000
v 136.5455 9.4803 317.9818
v 136.5455 21.9173 332.9666
v 136.5455 8.0453 351.8948
v 136.5455 -2.0000 370.0000
v 150.2424 -2.0000 300.0000
v 150.2424 11.3809 318.1409
v 150.2424 25.8768 333.2583
v 150.2424 9.7082 352.0374
v 150.2424 -2.0000 370.0000
v 163.9394 -2.0000 300.0000
v 163.9394 12.7438 323.7253
v 163.9394 28.7163 343.4963
v 163.9394 10.9009 357.0426
v 163.9394 -2.0000 370.0000
v 177.6364 -2.0000 300.0000
v 177.6364 13.3600 323.0684
v 177.6364 30.0000 342.2920
v 177.6364 11.4400 356.4539
v 177.6364 -2.0000 370.0000
v 191.3333 -2.0000 300.0000
v 191.3333 13.0332 322.2568
v 191.3333 29.3192 340.8041
v 191.3333 11.1541 355.7265
v 191.3333 -2.0000 370.0000
v 205.0303 -2.0000 300.0000
v 205.0303 12.9740 322.8893
v 205.0303 29.1959 341.9637
v 205.0303 11.1023 356.2934
v 205.0303 -2.0000 370.0000
v 218.7273 -2.0000 300.0000
v 218.7273 12.4455 318.8027
v 218.7273 28.0947 334.4715
v 218.7273 10.6398 352.6305
v 218.7273 -2.0000 370.0000
v 232.4242 -2.0000 300.0000
v 232.4242 11.3660 322.7873
v 232.4242 25.8459 341.7767
v 232.4242 9.6953 356.2019
v 232.4242 -2.0000 370.0000
v 246.1212 -2.0000 300.0000
v 246.1212 10.4126 323.3975
v 246.1212 23.8596 342.8954
v 246.1212 8.8610 356.7489
v 246.1212 -2.0000 370.0000
v 259.8182 -2.0000 300.0000
v 259.8182 9.0582 323.3799
v 259.8182 21.0379 342.8632
v 259.8182 7.6759 356.7331
v 259.8182 -2.0000 370.0000
v 273.5152 -2.0000 300.0000
v 273.5152 7.8778 323.7926
v 273.5152 18.5788 343.6198
v 273.5152 6.6431 357.1030
v 273.5152 -2.0000 370.0000
v 287.2121 -2.0000 300.0000
v 287.2121 7.4823 320.0076
v 287.2121 17.7548 336.6806
v 287.2121 6.2970 353.7105
v 287.2121 -2.0000 370.0000
v 300.9091 -2.0000 300.0000
v 300.9091 6.9675 321.2965
v 300.9091 16.6824 339.0436
v 300.9091 5.8466 354.8658
v 300.9091 -2.0000 370.0000
v 314.6061 -2.0000 300.0000
v 314.6061 7.1445 320.0859
v 314.6061 17.0511 336.8242
v 314.6061 6.0015 353.7807
v 314.6061 -2.0000 370.0000
v 328.3030 -2.0000 300.0000
v 328.3030 6.6474 319.6479
v 328.3030 16.0154 336.0211
v 328.3030 5.5665 353.3881
v 328.3030 -2.0000 370.0000
v 342.0000 -2.0000 300.0000
v 342.0000 6.1312 318.4991
v 342.0000 14.9400 333.9150
v 342.0000 5.1148 352.3585
v 342.0000 -2.0000 370.0000
v -110.0000 -2.0000 -65.0000
v -110.0000 2.8000 -84.3018
v -110.0000 8.0000 -100.3867
v -110.0000 2.2000 -118.0779
v -110.0000 -2.0000 -135.0000
v -96.3030 -2.0000 -65.0000
v -96.3030 3.1723 -83.8334
v -96.3030 8.7757 -99.5279
v -96.3030 2.5258 -117.6581
v -96.3030 -2.0000 -135.0000
v -82.6061 -2.0000 -65.0000
v -82.6061 3.5001 -86.7952
v -82.6061 9.4586 -104.9579
v -82.6061 2.8126 -120.3127
v -82.6061 -2.0000 -135.0000
v -68.9091 -2.0000 -65.0000
v -68.9091 4.0029 -84.4510
v -68.9091 10.5061 -100.6601
v -68.9091 3.2526 -118.2116
v -68.9091 -2.0000 -135.0000
v -55.2121 -2.0000 -65.0000
v -55.2121 4.7297 -84.9797
v -55.2121 12.0202 -101.6294
v -55.2121 3.8885 -118.6855
v -55.2121 -2.0000 -135.0000
v -41.5152 -2.0000 -65.0000
v -41.5152 6.0184 -86.0606
v -41.5152 14.7049 -103.6110
v -41.5152 5.0161 -119.6543
v -41.5152 -2.0000 -135.0000
v -27.8182 -2.0000 -65.0000
v -27.8182 7.0684 -85.5788
v -27.8182 16.8925 -102.7278
v -27.8182 5.9348 -119.2225
v -27.8182 -2.0000 -135.0000
v -14.1212 -2.0000 -65.0000
v -14.1212 7.3081 -88.4899
v -14.1212 17.3918 -108.0648
v -14.1212 6.1446 -121.8317
v -14.1212 -2.0000 -135.0000
v -0.4242 -2.0000 -65.0000
v -0.4242 6.5306 -84.2122
v -0.4242 15.7722 -100.2225
v -0.4242 5.4643 -117.9976
v -0.4242 -2.0000 -135.0000
v 13.2727 -2.0000 -65.0000
v 13.2727 5.1712 -86.8027
v 13.2727 12.9400 -104.9717
v 13.2727 4.2748 -120.3195
v 13.2727 -2.0000 -135.0000
v 26.9697 -2.0000 -65.0000
v 26.9697 3.7158 -86.3547
v 26.9697 9.9079 -104.1503
v 26.9697 3.0013 -119.9179
v 26.9697 -2.0000 -135.0000
v 40.6667 -2.0000 -65.0000
v 40.6667 2.9471 -87.0305
v 40.6667 8.3064 -105.3892
v 40.6667 2.3287 -120.5236
v 40.6667 -2.0000 -135.0000
v 54.3636 -2.0000 -65.0000
v 54.3636 3.0288 -87.9858
v 54.3636 8.4766 -107.1406
v 54.3636 2.4002 -121.3799
v 54.3636 -2.0000 -135.0000
v 68.0606 -2.0000 -65.0000
v 68.0606 3.4448 -85.8175
v 68.0606 9.3434 -103.1655
v 68.0606 2.7642 -119.4365
v 68.0606 -2.0000 -135.0000
v 81.7576 -2.0000 -65.0000
v 81.7576 4.2257 -85.6770
v 81.7576 10.9703 -102.9079
v 81.7576 3.4475 -119.3105
v 81.7576 -2.0000 -135.0000
v 95.4545 -2.0000 -65.0000
v 95.4545 5.0518 -88.2511
v 95.4545 12.6912 -107.6270
v 95.4545 4.1703 -121.6176
v 95.4545 -2.0000 -135.0000
v 109.1515 -2.0000 -65.0000
v 109.1515 6.2213 -85.3325
v 109.1515 15.1278 -102.2762
v 109.1515 5.1937 -119.0017
v 109.1515 -2.0000 -135.0000
v 122.8485 -2.0000 -65.0000
v 122.8485 7.6519 -86.6127
v 122.8485 18.1080 -104.6233
v 122.8485 6.4454 -120.1492
v 122.8485 -2.0000 -135.0000
v 136.5455 -2.0000 -65.0000
v 136.5455 9.1874 -86.7519
v 136.5455 21.3072 -104.8785
v 136.5455 7.7890 -120.2739
v 136.5455 -2.0000 -135.0000
v 150.2424 -2.0000 -65.0000
v 150.2424 10.3688 -88.8958
v 150.2424 23.7683 -108.8090
v 150.2424 8.8227 -122.1955
v 150.2424 -2.0000 -135.0000
v 163.9394 -2.0000 -65.0000
v 163.9394 11.1400 -85.3795
v 163.9394 25.3751 -102.3625
v 163.9394 9.4975 -119.0439
v 163.9394 -2.0000 -135.0000
v 177.6364 -2.0000 -65.0000
v 177.6364 11.4400 -88.7129
v 177.6364 26.0000 -108.4736
v 177.6364 9.7600 -122.0315
v 177.6364 -2.0000 -135.0000
v 191.3333 -2.0000 -65.0000
v 191.3333 11.0433 -83.3879
v 191.3333 25.1735 -98.7111
v 191.3333 9.4129 -117.2588
v 191.3333 -2.0000 -135.0000
v 205.0303 -2.0000 -65.0000
v 205.0303 10.7458 -88.3381
v 205.0303 24.5537 -107.7866
v 205.0303 9.1526 -121.6957
v 205.0303 -2.0000 -135.0000
v 218.7273 -2.0000 -65.0000
v 218.7273 10.0773 -84.5016
v 218.7273 23.1610 -100.7529
v 218.7273 8.5676 -118.2570
v 218.7273 -2.0000 -135.0000
v 232.4242 -2.0000 -65.0000
v 232.4242 9.4497 -88.6887
v 232.4242 21.8535 -108.4292
v 232.4242 8.0185 -122.0099
v 232.4242 -2.0000 -135.0000
v 246.1212 -2.0000 -65.0000
v 246.1212 8.4379 -85.6813
v 246.1212 19.7456 -102.9157
v 246.1212 7.1332 -119.3144
v 246.1212 -2.0000 -135.0000
v 259.8182 -2.0000 -65.0000
v 259.8182 7.4339 -84.2944
v 259.8182 17.6540 -100.3731
v 259.8182 6.2547 -118.0713
v 259.8182 -2.0000 -135.0000
v 273.5152 -2.0000 -65.0000
v 273.5152 6.2367 -83.8186
v 273.5152 15.1599 -99.5008
v 273.5152 5.2072 -117.6448
v 273.5152 -2.0000 -135.0000
v 287.2121 -2.0000 -65.0000
v 287.2121 5.3096 -84.3500
v 287.2121 13.2283 -100.4750
v 287.2121 4.3959 -118.1211
v 287.2121 -2.0000 -135.0000
v 300.9091 -2.0000 -65.0000
v 300.9091 4.6225 -85.3228
v 300.9091 11.7970 -102.2585
v 300.9091 3.7947 -118.9931
v 300.9091 -2.0000 -135.0000
v 314.6061 -2.0000 -65.0000
v 314.6061 4.3290 -83.6716
v 314.6061 11.1854 -99.2312
v 314.6061 3.5379 -117.5130
v 314.6061 -2.0000 -135.0000
v 328.3030 -2.0000 -65.0000
v 328.3030 4.0905 -85.4972
v 328.3030 10.6886 -102.5782
v 328.3030 3.3292 -119.1494
v 328.3030 -2.0000 -135.0000
v 342.0000 -2.0000 -65.0000
v 342.0000 3.7475 -87.3947
v 342.0000 9.9739 -106.0570
v 342.0000 3.0290 -120.8501
v 342.0000 -2.0000 -135.0000
v 300.0000 -2.0000 -110.0000
v 322.4246 11.5721 -110.0000
v 341.1117 26.2752 -110.0000
v 355.8768 9.8756 -110.0000
v 370.0000 -2.0000 -110.0000
v 300.0000 -2.0000 -96.3030
v 320.4810 13.4450 -96.3030
v 337.5484 30.1772 -96.3030
v 354.1348 11.5144 -96.3030
v 370.0000 -2.0000 -96.3030
v 300.0000 -2.0000 -82.6061
v 321.4430 14.3200 -82.6061
v 339.3121 32.0000 -82.6061
v 354.9970 12.2800 -82.6061
v 370.0000 -2.0000 -82.6061
v 300.0000 -2.0000 -68.9091
v 319.4659 14.1378 -68.9091
v 335.6875 31.6204 -68.9091
v 353.2250 12.1206 -68.9091
v 370.0000 -2.0000 -68.9091
v 300.0000 -2.0000 -55.2121
v 321.4908 12.9549 -55.2121
v 339.3998 29.1561 -55.2121
v 355.0399 11.0855 -55.2121
v 370.0000 -2.0000 -55.2121
v 300.0000 -2.0000 -41.5152
v 321.7229 11.5088 -41.5152
v 339.8254 26.1433 -41.5152
v 355.2480 9.8202 -41.5152
v 370.0000 -2.0000 -41.5152
v 300.0000 -2.0000 -27.8182
v 319.4786 9.5615 -27.8182
v 335.7107 22.0865 -27.8182
v 353.2364 8.1163 -27.8182
v 370.0000 -2.0000 -27.8182
v 300.0000 -2.0000 -14.1212
v 319.2637 7.6921 -14.1212
v 335.3168 18.1918 -14.1212
v 353.0438 6.4805 -14.1212
v 370.0000 -2.0000 -14.1212
v 300.0000 -2.0000 -0.4242
v 323.3617 6.2698 -0.4242
v 342.8298 15.2287 -0.4242
v 356.7168 5.2361 -0.4242
v 370.0000 -2.0000 -0.4242
v 300.0000 -2.0000 13.2727
v 321.1745 5.0630 13.2727
v 338.8200 12.7146 13.2727
v 354.7564 4.1801 13.2727
v 370.0000 -2.0000 13.2727
v 300.0000 -2.0000 26.9697
v 319.7567 4.3981 26.9697
v 336.2207 11.3294 26.9697
v 353.4857 3.5984 26.9697
v 370.0000 -2.0000 26.9697
v 300.0000 -2.0000 40.6667
v 318.8346 4.2400 40.6667
v 334.5301 11.0000 40.6667
v 352.6591 3.4600 40.6667
v 370.0000 -2.0000 40.6667
v 300.0000 -2.0000 54.3636
v 319.4892 4.3989 54.3636
v 335.7303 11.3310 54.3636
v 353.2459 3.5990 54.3636
v 370.0000 -2.0000 54.3636
v 300.0000 -2.0000 68.0606
v 323.5624 4.4811 68.0606
v 343.1978 11.5023 68.0606
v 356.8967 3.6710 68.0606
v 370.0000 -2.0000 68.0606
v 300.0000 -2.0000 81.7576
v 322.9117 4.5259 81.7576
v 342.0048 11.5956 81.7576
v 356.3135 3.7101 81.7576
v 370.0000 -2.0000 81.7576
v 300.0000 -2.0000 95.4545
v 318.4956 4.7647 95.4545
v 333.9086 12.0931 95.4545
v 352.3553 3.9191 95.4545
v 370.0000 -2.0000 95.4545
v 300.0000 -2.0000 109.1515
v 324.0293 5.1474 109.1515
v 344.0537 12.8905 109.1515
v 357.3151 4.2540 109.1515
v 370.0000 -2.0000 109.1515
v 300.0000 -2.0000 122.8485
v 321.3867 6.3098 122.8485
v 339.2090 15.3121 122.8485
v 354.9466 5.2711 122.8485
v 370.0000 -2.0000 122.8485
v 300.0000 -2.0000 136.5455
v 322.2748 7.7333 136.5455
v 340.8372 18.2776 136.5455
v 355.7426 6.5166 136.5455
v 370.0000 -2.0000 136.5455
v 300.0000 -2.0000 150.2424
v 321.3051 8.9776 150.2424
v 339.0593 20.8699 150.2424
v 354.8734 7.6054 150.2424
v 370.0000 -2.0000 150.2424
v 300.0000 -2.0000 163.9394
v 320.3528 9.7126 163.9394
v 337.3134 22.4012 163.9394
v 354.0199 8.2485 163.9394
v 370.0000 -2.0000 163.9394
v 300.0000 -2.0000 177.6364
v 320.6592 9.5898 177.6364
v 337.8752 22.1455 177.6364
v 354.2945 8.1411 177.6364
v 370.0000 -2.0000 177.6364
v 300.0000 -2.0000 191.3333
v 318.3406 9.0292 191.3333
v 333.6245 20.9775 191.3333
v 352.2164 7.6505 191.3333
v 370.0000 -2.0000 191.3333
v 300.0000 -2.0000 205.0303
v 318.2169 8.6252 205.0303
v 333.3977 20.1359 205.0303
v 352.1055 7.2971 205.0303
v 370.0000 -2.0000 205.0303
v 300.0000 -2.0000 218.7273
v 323.2766 8.7375 218.7273
v 342.6738 20.3697 218.7273
v 356.6405 7.3953 218.7273
v 370.0000 -2.0000 218.7273
v 300.0000 -2.0000 232.4242
v 321.3995 8.9024 232.4242
v 339.2324 20.7134 232.4242
v 354.9581 7.5396 232.4242
v 370.0000 -2.0000 232.4242
v 300.0000 -2.0000 246.1212
v 319.3447 8.9799 246.1212
v 335.4654 20.8749 246.1212
v 353.1164 7.6074 246.1212
v 370.0000 -2.0000 246.1212
v 300.0000 -2.0000 259.8182
v 321.4797 8.8500 259.8182
v 339.3794 20.6041 259.8182
v 355.0299 7.4937 259.8182
v 370.0000 -2.0000 259.8182
v 300.0000 -2.0000 273.5152
v 320.2673 8.9819 273.5152
v 337.1567 20.8791 273.5152
v 353.9433 7.6092 273.5152
v 370.0000 -2.0000 273.5152
v 300.0000 -2.0000 287.2121
v 319.9663 9.3831 287.2121
v 336.6048 21.7149 287.2121
v 353.6735 7.9603 287.2121
v 370.0000 -2.0000 287.2121
v 300.0000 -2.0000 300.9091
v 322.0750 10.2403 300.9091
v 340.4709 23.5007 300.9091
v 355.5635 8.7103 300.9091
v 370.0000 -2.0000 300.9091
v 300.0000 -2.0000 314.6061
v 322.1302 11.1098 314.6061
v 340.5720 25.3120 314.6061
v 355.6130 9.4711 314.6061
v 370.0000 -2.0000 314.6061
v 300.0000 -2.0000 328.3030
v 321.2226 11.8064 328.3030
v 338.9081 26.7634 328.3030
v 354.7995 10.0806 328.3030
v 370.0000 -2.0000 328.3030
v 300.0000 -2.0000 342.0000
v 319.8362 11.6790 342.0000
v 336.3664 26.4980 342.0000
v 353.5569 9.9691 342.0000
v 370.0000 -2.0000 342.0000
v -65.0000 -2.0000 -110.0000
v -86.2219 3.2800 -110.0000
v -103.9069 9.0000 -110.0000
v -119.7989 2.6200 -110.0000
v -135.0000 -2.0000 -110.0000
v -65.0000 -2.0000 -96.3030
v -84.0433 3.4408 -96.3030
v -99.9128 9.3351 -96.3030
v -117.8462 2.7607 -96.3030
v -135.0000 -2.0000 -96.3030
v -65.0000 -2.0000 -82.6061
v -83.5581 3.8490 -82.6061
v -99.0231 10.1854 -82.6061
v -117.4113 3.1179 -82.6061
v -135.0000 -2.0000 -82.6061
v -65.0000 -2.0000 -68.9091
v -87.8437 4.6489 -68.9091
v -106.8801 11.8519 -68.9091
v -121.2525 3.8178 -68.9091
v -135.0000 -2.0000 -68.9091
v -65.0000 -2.0000 -55.2121
v -84.4866 6.1792 -55.2121
v -100.7254 15.0399 -55.2121
v -118.2436 5.1568 -55.2121
v -135.0000 -2.0000 -55.2121
v -65.0000 -2.0000 -41.5152
v -88.5866 7.9597 -41.5152
v -108.2421 18.7495 -41.5152
v -121.9183 6.7148 -41.5152
v -135.0000 -2.0000 -41.5152
v -65.0000 -2.0000 -27.8182
v -89.0030 9.7699 -27.8182
v -109.0054 22.5207 -27.8182
v -122.2916 8.2987 -27.8182
v -135.0000 -2.0000 -27.8182
v -65.0000 -2.0000 -14.1212
v -88.0816 10.9309 -14.1212
v -107.3163 24.9393 -14.1212
v -121.4658 9.3145 -14.1212
v -135.0000 -2.0000 -14.1212
v -65.0000 -2.0000 -0.4242
v -87.0237 11.2357 -0.4242
v -105.3769 25.5744 -0.4242
v -120.5176 9.5813 -0.4242
v -135.0000 -2.0000 -0.4242
v -65.0000 -2.0000 13.2727
v -86.2907 11.1526 13.2727
v -104.0330 25.4013 13.2727
v -119.8606 9.5085 13.2727
v -135.0000 -2.0000 13.2727
v -65.0000 -2.0000 26.9697
v -88.5278 10.4829 26.9697
v -108.1343 24.0060 26.9697
v -121.8657 8.9225 26.9697
v -135.0000 -2.0000 26.9697
v -65.0000 -2.0000 40.6667
v -84.0410 9.9940 40.6667
v -99.9084 22.9874 40.6667
v -117.8441 8.4947 40.6667
v -135.0000 -2.0000 40.6667
v -65.0000 -2.0000 54.3636
v -83.1890 9.3261 54.3636
v -98.3465 21.5959 54.3636
v -117.0805 7.9103 54.3636
v -135.0000 -2.0000 54.3636
v -65.0000 -2.0000 68.0606
v -83.8318 8.7990 68.0606
v -99.5250 20.4978 68.0606
v -117.6567 7.4491 68.0606
v -135.0000 -2.0000 68.0606
v -65.0000 -2.0000 81.7576
v -86.7626 8.3352 81.7576
v -104.8982 19.5316 81.7576
v -120.2835 7.0433 81.7576
v -135.0000 -2.0000 81.7576
v -65.0000 -2.0000 95.4545
v -83.8863 8.2322 95.4545
v -99.6249 19.3172 95.4545
v -117.7055 6.9532 95.4545
v -135.0000 -2.0000 95.4545
v -65.0000 -2.0000 109.1515
v -87.9154 8.6929 109.1515
v -107.0116 20.2768 109.1515
v -121.3168 7.3563 109.1515
v -135.0000 -2.0000 109.1515
v -65.0000 -2.0000 122.8485
v -83.3871 9.8077 122.8485
v -98.7096 22.5993 122.8485
v -117.2580 8.3317 122.8485
v -135.0000 -2.0000 122.8485
v -65.0000 -2.0000 136.5455
v -87.3292 11.1379 136.5455
v -105.9368 25.3706 136.5455
v -120.7913 9.4956 136.5455
v -135.0000 -2.0000 136.5455
v -65.0000 -2.0000 150.2424
v -86.2897 11.9215 150.2424
v -104.0311 27.0030 150.2424
v -119.8596 10.1813 150.2424
v -135.0000 -2.0000 150.2424
v -65.0000 -2.0000 163.9394
v -87.3414 11.7883 163.9394
v -105.9593 26.7257 163.9394
v -120.8023 10.0648 163.9394
v -135.0000 -2.0000 163.9394
v -65.0000 -2.0000 177.6364
v -88.0931 10.7233 177.6364
v -107.3374 24.5069 177.6364
v -121.4761 9.1329 177.6364
v -135.0000 -2.0000 177.6364
v -65.0000 -2.0000 191.3333
v -88.1882 9.4228 191.3333
v -107.5117 21.7975 191.3333
v -121.5613 7.9949 191.3333
v -135.0000 -2.0000 191.3333
v -65.0000 -2.0000 205.0303
v -88.0749 8.3534 205.0303
v -107.3040 19.5697 205.0303
v -121.4597 7.0593 205.0303
v -135.0000 -2.0000 205.0303
v -65.0000 -2.0000 218.7273
v -86.1365 8.0335 218.7273
v -103.7502 18.9032 218.7273
v -119.7223 6.7793 218.7273
v -135.0000 -2.0000 218.7273
v -65.0000 -2.0000 232.4242
v -86.4831 8.9976 232.4242
v -104.3856 20.9117 232.4242
v -120.0330 7.6229 232.4242
v -135.0000 -2.0000 232.4242
v -65.0000 -2.0000 246.1212
v -88.5470 10.2369 246.1212
v -108.1695 23.4935 246.1212
v -121.8829 8.7073 246.1212
v -135.0000 -2.0000 246.1212
v -65.0000 -2.0000 259.8182
v -85.9048 11.4884 259.8182
v -103.3255 26.1008 259.8182
v -119.5147 9.8023 259.8182
v -135.0000 -2.0000 259.8182
v -65.0000 -2.0000 273.5152
v -83.5154 12.1686 273.5152
v -98.9448 27.5180 273.5152
v -117.3730 10.3975 273.5152
v -135.0000 -2.0000 273.5152
v -65.0000 -2.0000 287.2121
v -86.5518 12.4000 287.2121
v -104.5116 28.0000 287.2121
v -120.0946 10.6000 287.2121
v -135.0000 -2.0000 287.2121
v -65.0000 -2.0000 300.9091
v -86.6852 12.3374 300.9091
v -104.7563 27.8696 300.9091
v -120.2142 10.5452 300.9091
v -135.0000 -2.0000 300.9091
v -65.0000 -2.0000 314.6061
v -86.3966 11.5960 314.6061
v -104.2271 26.3251 314.6061
v -119.9555 9.8965 314.6061
v -135.0000 -2.0000 314.6061
v -65.0000 -2.0000 328.3030
v -86.8349 10.8113 328.3030
v -105.0306 24.6902 328.3030
v -120.3483 9.2099 328.3030
v -135.0000 -2.0000 328.3030
v -65.0000 -2.0000 342.0000
v -83.0146 9.5695 342.0000
v -98.0267 22.1031 342.0000
v -116.9242 8.1233 342.0000
v -135.0000 -2.0000 342.0000
v -110.0000 -2.0000 350.0000
v -110.0000 21.6485 385.4302
v -110.0000 47.2676 414.9553
v -110.0000 18.6924 437.9782
v -110.0000 -2.0000 460.0000
v -97.7838 -2.0000 350.0000
v -97.7838 24.1249 378.4921
v -97.7838 52.4268 402.2354
v -97.7838 20.8593 431.7595
v -97.7838 -2.0000 460.0000
v -85.5676 -2.0000 350.0000
v -85.5676 25.7996 378.9499
v -85.5676 55.9158 403.0747
v -85.5676 22.3246 432.1699
v -85.5676 -2.0000 460.0000
v -73.3514 -2.0000 350.0000
v -73.3514 27.4369 382.1108
v -73.3514 59.3268 408.8697
v -73.3514 23.7573 435.0030
v -73.3514 -2.0000 460.0000
v -61.1351 -2.0000 350.0000
v -61.1351 29.1077 385.5117
v -61.1351 62.8077 415.1047
v -61.1351 25.2192 438.0512
v -61.1351 -2.0000 460.0000
v -48.9189 -2.0000 350.0000
v -48.9189 31.2790 384.7547
v -48.9189 67.3313 413.7170
v -48.9189 27.1191 437.3727
v -48.9189 -2.0000 460.0000
v -36.7027 -2.0000 350.0000
v -36.7027 33.1319 379.1072
v -36.7027 71.1914 403.3633
v -36.7027 28.7404 432.3109
v -36.7027 -2.0000 460.0000
v -24.4865 -2.0000 350.0000
v -24.4865 35.4447 383.3320
v -24.4865 76.0097 411.1087
v -24.4865 30.7641 436.0976
v -24.4865 -2.0000 460.0000
v -12.2703 -2.0000 350.0000
v -12.2703 37.4949 386.6643
v -12.2703 80.2809 417.2179
v -12.2703 32.5580 439.0843
v -12.2703 -2.0000 460.0000
v -0.0541 -2.0000 350.0000
v -0.0541 38.4499 382.1469
v -0.0541 82.2706 408.9360
v -0.0541 33.3936 435.0354
v -0.0541 -2.0000 460.0000
v 12.1622 -2.0000 350.0000
v 12.1622 39.7239 382.2200
v 12.1622 84.9249 409.0699
v 12.1622 34.5085 435.1009
v 12.1622 -2.0000 460.0000
v 24.3784 -2.0000 350.0000
v 24.3784 40.2400 378.3288
v 24.3784 86.0000 401.9361
v 24.3784 34.9600 431.6132
v 24.3784 -2.0000 460.0000
v 36.5946 -2.0000 350.0000
v 36.5946 39.5852 386.2916
v 36.5946 84.6359 416.5346
v 36.5946 34.3871 438.7502
v 36.5946 -2.0000 460.0000
v 48.8108 -2.0000 350.0000
v 48.8108 39.0574 383.0561
v 48.8108 83.5363 410.6028
v 48.8108 33.9252 435.8503
v 48.8108 -2.0000 460.0000
v 61.0270 -2.0000 350.0000
v 61.0270 37.2557 383.8796
v 61.0270 79.7828 412.1126
v 61.0270 32.3488 436.5884
v 61.0270 -2.0000 460.0000
v 73.2432 -2.0000 350.0000
v 73.2432 35.7949 384.8869
v 73.2432 76.7394 413.9594
v 73.2432 31.0705 437.4913
v 73.2432 -2.0000 460.0000
v 85.4595 -2.0000 350.0000
v 85.4595 34.4922 380.0422
v 85.4595 74.0254 405.0773
v 85.4595 29.9307 433.1489
v 85.4595 -2.0000 460.0000
v 97.6757 -2.0000 350.0000
v 97.6757 33.8531 385.6044
v 97.6757 72.6940 415.2747
v 97.6757 29.3715 438.1343
v 97.6757 -2.0000 460.0000
v 109.8919 -2.0000 350.0000
v 109.8919 33.6340 383.8918
v 109.8919 72.2374 412.1349
v 109.8919 29.1797 436.5993
v 109.8919 -2.0000 460.0000
v 122.1081 -2.0000 350.0000
v 122.1081 33.9828 383.2333
v 122.1081 72.9643 410.9278
v 122.1081 29.4850 436.0091
v 122.1081 -2.0000 460.0000
v 134.3243 -2.0000 350.0000
v 134.3243 33.8134 381.7774
v 134.3243 72.6112 408.2586
v 134.3243 29.3367 434.7042
v 134.3243 -2.0000 460.0000
v 146.5405 -2.0000 350.0000
v 146.5405 33.8594 383.1121
v 146.5405 72.7071 410.7055
v 146.5405 29.3770 435.9005
v 146.5405 -2.0000 460.0000
v 158.7568 -2.0000 350.0000
v 158.7568 32.0830 387.3647
v 158.7568 69.0063 418.5019
v 158.7568 27.8227 439.7120
v 158.7568 -2.0000 460.0000
v 170.9730 -2.0000 350.0000
v 170.9730 28.7440 385.1896
v 170.9730 62.0501 414.5143
v 170.9730 24.9010 437.7626
v 170.9730 -2.0000 460.0000
v 183.1892 -2.0000 350.0000
v 183.1892 25.6597 378.2236
v 183.1892 55.6243 401.7433
v 183.1892 22.2022 431.5189
v 183.1892 -2.0000 460.0000
v 195.4054 -2.0000 350.0000
v 195.4054 22.3714 382.9367
v 195.4054 48.7737 410.3840
v 195.4054 19.3249 435.7433
v 195.4054 -2.0000 460.0000
v 207.6216 -2.0000 350.0000
v 207.6216 20.3757 386.5575
v 207.6216 44.6161 417.0221
v 207.6216 17.5788 438.9886
v 207.6216 -2.0000 460.0000
v 219.8378 -2.0000 350.0000
v 219.8378 19.2985 385.7612
v 219.8378 42.3718 415.5621
v 219.8378 16.6362 438.2748
v 219.8378 -2.0000 460.0000
v 232.0541 -2.0000 350.0000
v 232.0541 19.1814 387.2538
v 232.0541 42.1279 418.2986
v 232.0541 16.5337 439.6126
v 232.0541 -2.0000 460.0000
v 244.2703 -2.0000 350.0000
v 244.2703 19.7003 379.7533
v 244.2703 43.2090 404.5477
v 244.2703 16.9878 432.8900
v 244.2703 -2.0000 460.0000
v 256.4865 -2.0000 350.0000
v 256.4865 19.5695 379.2837
v 256.4865 42.9364 403.6867
v 256.4865 16.8733 432.4691
v 256.4865 -2.0000 460.0000
v 268.7027 -2.0000 350.0000
v 268.7027 18.9388 386.7022
v 268.7027 41.6225 417.2873
v 268.7027 16.3215 439.1182
v 268.7027 -2.0000 460.0000
v 280.9189 -2.0000 350.0000
v 280.9189 18.6176 378.3959
v 280.9189 40.9533 402.0591
v 280.9189 16.0404 431.6733
v 280.9189 -2.0000 460.0000
v 293.1351 -2.0000 350.0000
v 293.1351 18.1600 387.6753
v 293.1351 40.0000 419.0713
v 293.1351 15.6400 439.9904
v 293.1351 -2.0000 460.0000
v 305.3514 -2.0000 350.0000
v 305.3514 18.8909 387.4550
v 305.3514 41.5228 418.6676
v 305.3514 16.2796 439.7930
v 305.3514 -2.0000 460.0000
v 317.5676 -2.0000 350.0000
v 317.5676 18.8408 381.1295
v 317.5676 41.4183 407.0707
v 317.5676 16.2357 434.1234
v 317.5676 -2.0000 460.0000
v 329.7838 -2.0000 350.0000
v 329.7838 19.1277 378.6718
v 329.7838 42.0161 402.5650
v 329.7838 16.4868 431.9207
v 329.7838 -2.0000 460.0000
v 342.0000 -2.0000 350.0000
v 342.0000 18.5830 379.6759
v 342.0000 40.8812 404.4057
v 342.0000 16.0101 432.8206
v 342.0000 -2.0000 460.0000
v -110.0000 -2.0000 -115.0000
v -110.0000 15.2800 -145.5863
v -110.0000 34.0000 -171.0749
v -110.0000 13.1200 -198.6366
v -110.0000 -2.0000 -225.0000
v -97.7838 -2.0000 -115.0000
v -97.7838 16.2766 -147.7272
v -97.7838 36.0762 -174.9998
v -97.7838 13.9920 -200.5555
v -97.7838 -2.0000 -225.0000
v -85.5676 -2.0000 -115.0000
v -85.5676 17.3982 -145.8007
v -85.5676 38.4129 -171.4680
v -85.5676 14.9734 -198.8288
v -85.5676 -2.0000 -225.0000
v -73.3514 -2.0000 -115.0000
v -73.3514 18.0606 -151.8212
v -73.3514 39.7929 -182.5056
v -73.3514 15.5530 -204.2249
v -73.3514 -2.0000 -225.0000
v -61.1351 -2.0000 -115.0000
v -61.1351 19.7447 -150.5987
v -61.1351 43.3014 -180.2643
v -61.1351 17.0266 -203.1292
v -61.1351 -2.0000 -225.0000
v -48.9189 -2.0000 -115.0000
v -48.9189 20.8289 -145.7028
v -48.9189 45.5603 -171.2885
v -48.9189 17.9753 -198.7410
v -48.9189 -2.0000 -225.0000
v -36.7027 -2.0000 -115.0000
v -36.7027 22.1605 -151.9839
v -36.7027 48.3343 -182.8037
v -36.7027 19.1404 -204.3707
v -36.7027 -2.0000 -225.0000
v -24.4865 -2.0000 -115.0000
v -24.4865 22.8917 -144.4240
v -24.4865 49.8577 -168.9439
v -24.4865 19.7802 -197.5948
v -24.4865 -2.0000 -225.0000
v -12.2703 -2.0000 -115.0000
v -12.2703 23.0690 -150.7935
v -12.2703 50.2271 -180.6214
v -12.2703 19.9354 -203.3038
v -12.2703 -2.0000 -225.0000
v -0.0541 -2.0000 -115.0000
v -0.0541 22.7791 -152.6404
v -0.0541 49.6231 -184.0074
v -0.0541 19.6817 -204.9592
v -0.0541 -2.0000 -225.0000
v 12.1622 -2.0000 -115.0000
v 12.1622 22.5576 -149.4408
v 12.1622 49.1617 -178.1414
v 12.1622 19.4879 -202.0914
v 12.1622 -2.0000 -225.0000
v 24.3784 -2.0000 -115.0000
v 24.3784 22.6583 -146.0037
v 24.3784 49.3714 -171.8402
v 24.3784 19.5760 -199.0108
v 24.3784 -2.0000 -225.0000
v 36.5946 -2.0000 -115.0000
v 36.5946 23.7388 -152.7766
v 36.5946 51.6226 -184.2571
v 36.5946 20.5215 -205.0812
v 36.5946 -2.0000 -225.0000
v 48.8108 -2.0000 -115.0000
v 48.8108 24.7902 -146.5552
v 48.8108 53.8129 -172.8511
v 48.8108 21.4414 -199.5050
v 48.8108 -2.0000 -225.0000
v 61.0270 -2.0000 -115.0000
v 61.0270 26.3678 -145.0681
v 61.0270 57.0997 -170.1249
v 61.0270 22.8219 -198.1722
v 61.0270 -2.0000 -225.0000
v 73.2432 -2.0000 -115.0000
v 73.2432 28.3144 -148.2028
v 73.2432 61.1550 -175.8719
v 73.2432 24.5251 -200.9818
v 73.2432 -2.0000 -225.0000
v 85.4595 -2.0000 -115.0000
v 85.4595 30.2729 -146.5547
v 85.4595 65.2353 -172.8503
v 85.4595 26.2388 -199.5046
v 85.4595 -2.0000 -225.0000
v 97.6757 -2.0000 -115.0000
v 97.6757 32.0054 -148.5348
v 97.6757 68.8446 -176.4804
v 97.6757 27.7547 -201.2793
v 97.6757 -2.0000 -225.0000
v 109.8919 -2.0000 -115.0000
v 109.8919 33.8828 -146.5131
v 109.8919 72.7559 -172.7741
v 109.8919 29.3975 -199.4673
v 109.8919 -2.0000 -225.0000
v 122.1081 -2.0000 -115.0000
v 122.1081 35.4400 -148.8377
v 122.1081 76.0000 -177.0358
v 122.1081 30.7600 -201.5508
v 122.1081 -2.0000 -225.0000
v 134.3243 -2.0000 -115.0000
v 134.3243 35.3208 -152.3880
v 134.3243 75.7518 -183.5446
v 134.3243 30.6557 -204.7329
v 134.3243 -2.0000 -225.0000
v 146.5405 -2.0000 -115.0000
v 146.5405 34.8605 -146.9432
v 146.5405 74.7927 -173.5626
v 146.5405 30.2529 -199.8528
v 146.5405 -2.0000 -225.0000
v 158.7568 -2.0000 -115.0000
v 158.7568 32.9245 -144.2083
v 158.7568 70.7594 -168.5486
v 158.7568 28.5589 -197.4016
v 158.7568 -2.0000 -225.0000
v 170.9730 -2.0000 -115.0000
v 170.9730 30.3906 -144.8211
v 170.9730 65.4805 -169.6721
v 170.9730 26.3418 -197.9508
v 170.9730 -2.0000 -225.0000
v 183.1892 -2.0000 -115.0000
v 183.1892 27.8980 -149.7030
v 183.1892 60.2875 -178.6221
v 183.1892 24.1608 -202.3264
v 183.1892 -2.0000 -225.0000
v 195.4054 -2.0000 -115.0000
v 195.4054 26.0026 -146.1019
v 195.4054 56.3388 -172.0201
v 195.4054 22.5023 -199.0987
v 195.4054 -2.0000 -225.0000
v 207.6216 -2.0000 -115.0000
v 207.6216 24.6850 -152.2295
v 207.6216 53.5937 -183.2541
v 207.6216 21.3493 -204.5909
v 207.6216 -2.0000 -225.0000
v 219.8378 -2.0000 -115.0000
v 219.8378 23.9432 -144.9770
v 219.8378 52.0483 -169.9578
v 219.8378 20.7003 -198.0905
v 219.8378 -2.0000 -225.0000
v 232.0541 -2.0000 -115.0000
v 232.0541 23.9812 -144.4835
v 232.0541 52.1275 -169.0530
v 232.0541 20.7335 -197.6481
v 232.0541 -2.0000 -225.0000
v 244.2703 -2.0000 -115.0000
v 244.2703 23.5427 -143.3490
v 244.2703 51.2139 -166.9732
v 244.2703 20.3498 -196.6313
v 244.2703 -2.0000 -225.0000
v 256.4865 -2.0000 -115.0000
v 256.4865 23.0956 -149.4396
v 256.4865 50.2826 -178.1393
v 256.4865 19.9587 -202.0903
v 256.4865 -2.0000 -225.0000
v 268.7027 -2.0000 -115.0000
v 268.7027 22.1247 -148.9997
v 268.7027 48.2598 -177.3327
v 268.7027 19.1091 -201.6960
v 268.7027 -2.0000 -225.0000
v 280.9189 -2.0000 -115.0000
v 280.9189 20.6067 -144.1720
v 280.9189 45.0973 -168.4820
v 280.9189 17.7809 -197.3690
v 280.9189 -2.0000 -225.0000
v 293.1351 -2.0000 -115.0000
v 293.1351 19.4925 -144.7053
v 293.1351 42.7761 -169.4598
v 293.1351 16.8060 -197.8470
v 293.1351 -2.0000 -225.0000
v 305.3514 -2.0000 -115.0000
v 305.3514 18.0546 -143.7915
v 305.3514 39.7803 -167.7845
v 305.3514 15.5477 -197.0280
v 305.3514 -2.0000 -225.0000
v 317.5676 -2.0000 -115.0000
v 317.5676 17.3578 -152.4153
v 317.5676 38.3288 -183.5948
v 317.5676 14.9381 -204.7574
v 317.5676 -2.0000 -225.0000
v 329.7838 -2.0000 -115.0000
v 329.7838 16.3993 -143.2604
v 329.7838 36.3319 -166.8107
v 329.7838 14.0994 -196.5519
v 329.7838 -2.0000 -225.0000
v 342.0000 -2.0000 -115.0000
v 342.0000 15.3379 -149.7404
v 342.0000 34.1207 -178.6907
v 342.0000 13.1707 -202.3599
v 342.0000 -2.0000 -225.0000
v 350.0000 -2.0000 -110.0000
v 378.9028 28.7895 -110.0000
v 402.9885 62.1448 -110.0000
v 432.1277 24.9408 -110.0000
v 460.0000 -2.0000 -110.0000
v 350.0000 -2.0000 -97.7838
v 380.6883 31.1340 -97.7838
v 406.2618 67.0292 -97.7838
v 433.7280 26.9923 -97.7838
v 460.0000 -2.0000 -97.7838
v 350.0000 -2.0000 -85.5676
v 378.3612 32.4230 -85.5676
v 401.9955 69.7146 -85.5676
v 431.6423 28.1201 -85.5676
v 460.0000 -2.0000 -85.5676
v 350.0000 -2.0000 -73.3514
v 381.8261 34.2718 -73.3514
v 408.3479 73.5663 -73.3514
v 434.7479 29.7379 -73.3514
v 460.0000 -2.0000 -73.3514
v 350.0000 -2.0000 -61.1351
v 382.8146 35.4011 -61.1351
v 410.1601 75.9189 -61.1351
v 435.6338 30.7260 -61.1351
v 460.0000 -2.0000 -61.1351
v 350.0000 -2.0000 -48.9189
v 378.8462 36.6719 -48.9189
v 402.8848 78.5665 -48.9189
v 432.0770 31.8379 -48.9189
v 460.0000 -2.0000 -48.9189
v 350.0000 -2.0000 -36.7027
v 386.1653 36.9220 -36.7027
v 416.3031 79.0875 -36.7027
v 438.6371 32.0567 -36.7027
v 460.0000 -2.0000 -36.7027
v 350.0000 -2.0000 -24.4865
v 382.3635 36.0734 -24.4865
v 409.3331 77.3196 -24.4865
v 435.2295 31.3142 -24.4865
v 460.0000 -2.0000 -24.4865
v 350.0000 -2.0000 -12.2703
v 381.3093 34.5582 -12.2703
v 407.4004 74.1628 -12.2703
v 434.2846 29.9884 -12.2703
v 460.0000 -2.0000 -12.2703
v 350.0000 -2.0000 -0.0541
v 380.3946 33.0792 -0.0541
v 405.7234 71.0817 -0.0541
v 433.4648 28.6943 -0.0541
v 460.0000 -2.0000 -0.0541
v 350.0000 -2.0000 12.1622
v 378.6246 31.5372 12.1622
v 402.4784 67.8692 12.1622
v 431.8783 27.3451 12.1622
v 460.0000 -2.0000 12.1622
v 350.0000 -2.0000 24.3784
v 378.9722 31.3834 24.3784
v 403.1157 67.5486 24.3784
v 432.1899 27.2104 24.3784
v 460.0000 -2.0000 24.3784
v 350.0000 -2.0000 36.5946
v 378.8321 32.3206 36.5946
v 402.8588 69.5014 36.5946
v 432.0643 28.0306 36.5946
v 460.0000 -2.0000 36.5946
v 350.0000 -2.0000 48.8108
v 380.7324 33.0080 48.8108
v 406.3428 70.9334 48.8108
v 433.7676 28.6320 48.8108
v 460.0000 -2.0000 48.8108
v 350.0000 -2.0000 61.0270
v 385.6582 33.0587 61.0270
v 415.3733 71.0389 61.0270
v 438.1825 28.6764 61.0270
v 460.0000 -2.0000 61.0270
v 350.0000 -2.0000 73.2432
v 378.6395 31.3402 73.2432
v 402.5058 67.4588 73.2432
v 431.8917 27.1727 73.2432
v 460.0000 -2.0000 73.2432
v 350.0000 -2.0000 85.4595
v 382.2222 27.6064 85.4595
v 409.0740 59.6799 85.4595
v 435.1028 23.9056 85.4595
v 460.0000 -2.0000 85.4595
v 350.0000 -2.0000 97.6757
v 384.3504 24.0164 97.6757
v 412.9758 52.2008 97.6757
v 437.0104 20.7643 97.6757
v 460.0000 -2.0000 97.6757
v 350.0000 -2.0000 109.8919
v 385.9526 20.6749 109.8919
v 415.9130 45.2394 109.8919
v 438.4464 17.8405 109.8919
v 460.0000 -2.0000 109.8919
v 350.0000 -2.0000 122.1081
v 387.3150 19.3503 122.1081
v 418.4108 42.4797 122.1081
v 439.6675 16.6815 122.1081
v 460.0000 -2.0000 122.1081
v 350.0000 -2.0000 134.3243
v 387.0254 19.1200 134.3243
v 417.8799 42.0000 134.3243
v 439.4079 16.4800 134.3243
v 460.0000 -2.0000 134.3243
v 350.0000 -2.0000 146.5405
v 385.0777 19.6361 146.5405
v 414.3090 43.0752 146.5405
v 437.6622 16.9316 146.5405
v 460.0000 -2.0000 146.5405
v 350.0000 -2.0000 158.7568
v 383.8006 20.1189 158.7568
v 411.9678 44.0811 158.7568
v 436.5176 17.3541 158.7568
v 460.0000 -2.0000 158.7568
v 350.0000 -2.0000 170.9730
v 386.2361 20.5806 170.9730
v 416.4329 45.0429 170.9730
v 438.7005 17.7580 170.9730
v 460.0000 -2.0000 170.9730
v 350.0000 -2.0000 183.1892
v 386.8949 21.5128 183.1892
v 417.6406 46.9849 183.1892
v 439.2910 18.5737 183.1892
v 460.0000 -2.0000 183.1892
v 350.0000 -2.0000 195.4054
v 378.4126 23.2071 195.4054
v 402.0897 50.5148 195.4054
v 431.6883 20.0562 195.4054
v 460.0000 -2.0000 195.4054
v 350.0000 -2.0000 207.6216
v 382.8535 26.0945 207.6216
v 410.2315 56.5303 207.6216
v 435.6687 22.5827 207.6216
v 460.0000 -2.0000 207.6216
v 350.0000 -2.0000 219.8378
v 386.0526 28.7698 219.8378
v 416.0964 62.1037 219.8378
v 438.5360 24.9235 219.8378
v 460.0000 -2.0000 219.8378
v 350.0000 -2.0000 232.0541
v 386.6130 32.7601 232.0541
v 417.1239 70.4169 232.0541
v 439.0383 28.4151 232.0541
v 460.0000 -2.0000 232.0541
v 350.0000 -2.0000 244.2703
v 379.8098 35.5262 244.2703
v 404.6513 76.1795 244.2703
v 432.9406 30.8354 244.2703
v 460.0000 -2.0000 244.2703
v 350.0000 -2.0000 256.4865
v 383.3588 37.7783 256.4865
v 411.1578 80.8715 256.4865
v 436.1216 32.8060 256.4865
v 460.0000 -2.0000 256.4865
v 350.0000 -2.0000 268.7027
v 383.5493 40.0533 268.7027
v 411.5070 85.6110 268.7027
v 436.2923 34.7966 268.7027
v 460.0000 -2.0000 268.7027
v 350.0000 -2.0000 280.9189
v 379.6195 41.1361 280.9189
v 404.3024 87.8668 280.9189
v 432.7701 35.7441 280.9189
v 460.0000 -2.0000 280.9189
v 350.0000 -2.0000 293.1351
v 387.7795 42.1600 293.1351
v 419.2625 90.0000 293.1351
v 440.0839 36.6400 293.1351
v 460.0000 -2.0000 293.1351
v 350.0000 -2.0000 305.3514
v 383.1903 41.3388 305.3514
v 410.8489 88.2892 305.3514
v 435.9706 35.9215 305.3514
v 460.0000 -2.0000 305.3514
v 350.0000 -2.0000 317.5676
v 380.3183 38.6283 317.5676
v 405.5835 82.6423 317.5676
v 433.3964 33.5498 317.5676
v 460.0000 -2.0000 317.5676
v 350.0000 -2.0000 329.7838
v 386.5604 35.9719 329.7838
v 417.0273 77.1081 329.7838
v 438.9911 31.2254 329.7838
v 460.0000 -2.0000 329.7838
v 350.0000 -2.0000 342.0000
v 379.2391 32.5530 342.0000
v 403.6050 69.9855 342.0000
v 432.4291 28.2339 342.0000
v 460.0000 -2.0000 342.0000
v -115.0000 -2.0000 -110.0000
v -146.3049 23.6212 -110.0000
v -172.3923 51.3776 -110.0000
v -199.2807 20.4186 -110.0000
v -225.0000 -2.0000 -110.0000
v -115.0000 -2.0000 -97.7838
v -151.2077 28.5620 -97.7838
v -181.3808 61.6708 -97.7838
v -203.6751 24.7417 -97.7838
v -225.0000 -2.0000 -97.7838
v -115.0000 -2.0000 -85.5676
v -148.2088 32.5272 -85.5676
v -175.8828 69.9316 -85.5676
v -200.9872 28.2113 -85.5676
v -225.0000 -2.0000 -85.5676
v -115.0000 -2.0000 -73.3514
v -143.5371 35.9156 -73.3514
v -167.3180 76.9909 -73.3514
v -196.7999 31.1762 -73.3514
v -225.0000 -2.0000 -73.3514
v -115.0000 -2.0000 -61.1351
v -148.6412 37.3600 -61.1351
v -176.6756 80.0000 -61.1351
v -201.3747 32.4400 -61.1351
v -225.0000 -2.0000 -61.1351
v -115.0000 -2.0000 -48.9189
v -147.0832 37.0221 -48.9189
v -173.8192 79.2959 -48.9189
v -199.9783 32.1443 -48.9189
v -225.0000 -2.0000 -48.9189
v -115.0000 -2.0000 -36.7027
v -148.2786 36.3547 -36.7027
v -176.0107 77.9056 -36.7027
v -201.0497 31.5603 -36.7027
v -225.0000 -2.0000 -36.7027
v -115.0000 -2.0000 -24.4865
v -152.3501 34.3029 -24.4865
v -183.4752 73.6310 -24.4865
v -204.6990 29.7650 -24.4865
v -225.0000 -2.0000 -24.4865
v -115.0000 -2.0000 -12.2703
v -147.6596 31.3527 -12.2703
v -174.8760 67.4849 -12.2703
v -200.4949 27.1836 -12.2703
v -225.0000 -2.0000 -12.2703
v -115.0000 -2.0000 -0.0541
v -151.2515 28.1492 -0.0541
v -181.4611 60.8109 -0.0541
v -203.7143 24.3806 -0.0541
v -225.0000 -2.0000 -0.0541
v -115.0000 -2.0000 12.1622
v -151.3823 24.3998 12.1622
v -181.7008 52.9997 12.1622
v -203.8315 21.0999 12.1622
v -225.0000 -2.0000 12.1622
v -115.0000 -2.0000 24.3784
v -149.6614 21.5214 24.3784
v -178.5459 47.0030 24.3784
v -202.2891 18.5813 24.3784
v -225.0000 -2.0000 24.3784
v -115.0000 -2.0000 36.5946
v -152.7847 21.1687 36.5946
v -184.2719 46.2680 36.5946
v -205.0885 18.2726 36.5946
v -225.0000 -2.0000 36.5946
v -115.0000 -2.0000 48.8108
v -146.9923 22.5165 48.8108
v -173.6525 49.0760 48.8108
v -199.8968 19.4519 48.8108
v -225.0000 -2.0000 48.8108
v -115.0000 -2.0000 61.0270
v -146.6852 23.7259 61.0270
v -173.0896 51.5955 61.0270
v -199.6216 20.5101 61.0270
v -225.0000 -2.0000 61.0270
v -115.0000 -2.0000 73.2432
v -150.1030 23.5060 73.2432
v -179.3556 51.1375 73.2432
v -202.6849 20.3178 73.2432
v -225.0000 -2.0000 73.2432
v -115.0000 -2.0000 85.4595
v -150.7100 22.0457 85.4595
v -180.4683 48.0952 85.4595
v -203.2290 19.0400 85.4595
v -225.0000 -2.0000 85.4595
v -115.0000 -2.0000 97.6757
v -143.8318 19.0121 97.6757
v -167.8583 41.7752 97.6757
v -197.0640 16.3856 97.6757
v -225.0000 -2.0000 97.6757
v -115.0000 -2.0000 109.8919
v -148.3567 17.3053 109.8919
v -176.1540 38.2193 109.8919
v -201.1198 14.8921 109.8919
v -225.0000 -2.0000 109.8919
v -115.0000 -2.0000 122.1081
v -149.9419 16.2400 122.1081
v -179.0602 36.0000 122.1081
v -202.5406 13.9600 122.1081
v -225.0000 -2.0000 122.1081
v -115.0000 -2.0000 134.3243
v -150.1784 16.9145 134.3243
v -179.4938 37.4053 134.3243
v -202.7525 14.5502 134.3243
v -225.0000 -2.0000 134.3243
v -115.0000 -2.0000 146.5405
v -147.5711 18.0773 146.5405
v -174.7138 39.8277 146.5405
v -200.4156 15.5676 146.5405
v -225.0000 -2.0000 146.5405
v -115.0000 -2.0000 158.7568
v -150.2428 19.9959 158.7568
v -179.6119 43.8249 158.7568
v -202.8102 17.2465 158.7568
v -225.0000 -2.0000 158.7568
v -115.0000 -2.0000 170.9730
v -152.4752 22.0722 170.9730
v -183.7046 48.1504 170.9730
v -204.8111 19.0632 170.9730
v -225.0000 -2.0000 170.9730
v -115.0000 -2.0000 183.1892
v -151.8083 24.0623 183.1892
v -182.4819 52.2964 183.1892
v -204.2134 20.8045 183.1892
v -225.0000 -2.0000 183.1892
v -115.0000 -2.0000 195.4054
v -150.2822 25.9757 195.4054
v -179.6840 56.2827 195.4054
v -202.8455 22.4787 195.4054
v -225.0000 -2.0000 195.4054
v -115.0000 -2.0000 207.6216
v -148.2864 26.0765 207.6216
v -176.0250 56.4926 207.6216
v -201.0567 22.5669 207.6216
v -225.0000 -2.0000 207.6216
v -115.0000 -2.0000 219.8378
v -150.8973 25.2784 219.8378
v -180.8117 54.8300 219.8378
v -203.3968 21.8686 219.8378
v -225.0000 -2.0000 219.8378
v -115.0000 -2.0000 232.0541
v -144.9169 23.8937 232.0541
v -169.8476 51.9453 232.0541
v -198.0366 20.6570 232.0541
v -225.0000 -2.0000 232.0541
v -115.0000 -2.0000 244.2703
v -150.5022 21.8763 244.2703
v -180.0874 47.7424 244.2703
v -203.0427 18.8918 244.2703
v -225.0000 -2.0000 244.2703
v -115.0000 -2.0000 256.4865
v -150.4015 20.3721 256.4865
v -179.9028 44.6085 256.4865
v -202.9525 17.5756 256.4865
v -225.0000 -2.0000 256.4865
v -115.0000 -2.0000 268.7027
v -144.7940 19.9587 268.7027
v -169.6224 43.7473 268.7027
v -197.9265 17.2139 268.7027
v -225.0000 -2.0000 268.7027
v -115.0000 -2.0000 280.9189
v -151.8199 20.0472 280.9189
v -182.5032 43.9317 280.9189
v -204.2238 17.2913 280.9189
v -225.0000 -2.0000 280.9189
v -115.0000 -2.0000 293.1351
v -147.7741 20.9263 293.1351
v -175.0858 45.7632 293.1351
v -200.5975 18.0605 293.1351
v -225.0000 -2.0000 293.1351
v -115.0000 -2.0000 305.3514
v -145.9810 23.0660 305.3514
v -171.7984 50.2208 305.3514
v -198.9903 19.9327 305.3514
v -225.0000 -2.0000 305.3514
v -115.0000 -2.0000 317.5676
v -147.1060 24.7044 317.5676
v -173.8609 53.6342 317.5676
v -199.9987 21.3664 317.5676
v -225.0000 -2.0000 317.5676
v -115.0000 -2.0000 329.7838
v -152.2012 26.1054 329.7838
v -183.2021 56.5528 329.7838
v -204.5655 22.5922 329.7838
v -225.0000 -2.0000 329.7838
v -115.0000 -2.0000 342.0000
v -145.1597 26.4368 342.0000
v -170.2928 57.2434 342.0000
v -198.2543 22.8822 342.0000
v -225.0000 -2.0000 342.0000
s off
usemtl NearHills
f 1 6 7
f 7 6 1
f 1 7 2
f 2 7 1
f 2 7 8
f 8 7 2
f 2 8 3
f 3 8 2
f 3 8 9
f 9 8 3
f 3 9 4
f 4 9 3
f 4 9 10
f 10 9 4
f 4 10 5
f 5 10 4
f 6 11 12
f 12 11 6
f 6 12 7
f 7 12 6
f 7 12 13
f 13 12 7
f 7 13 8
f 8 13 7
f 8 13 14
f 14 13 8
f 8 14 9
f 9 14 8
f 9 14 15
f 15 14 9
f 9 15 10
f 10 15 9
f 11 16 17
f 17 16 11
f 11 17 12
f 12 17 11
f 12 17 18
f 18 17 12
f 12 18 13
f 13 18 12
f 13 18 19
f 19 18 13
f 13 19 14
f 14 19 13
f 14 19 20
f 20 19 14
f 14 20 15
f 15 20 14
f 16 21 22
f 22 21 16
f 16 22 17
f 17 22 16
f 17 22 23
f 23 22 17
f 17 23 18
f 18 23 17
f 18 23 24
f 24 23 18
f 18 24 19
f 19 24 18
f 19 24 25
f 25 24 19
f 19 25 20
f 20 25 19
f 21 26 27
f 27 26 21
f 21 27 22
f 22 27 21
f 22 27 28
f 28 27 22
f 22 28 23
f 23 28 22
f 23 28 29
f 29 28 23
f 23 29 24
f 24 29 23
f 24 29 30
f 30 29 24
f 24 30 25
f 25 30 24
f 26 31 32
f 32 31 26
f 26 32 27
f 27 32 26
f 27 32 33
f 33 32 27
f 27 33 28
f 28 33 27
f 28 33 34
f 34 33 28
f 28 34 29
f 29 34 28
f 29 34 35
f 35 34 29
f 29 35 30
f 30 35 29
f 31 36 37
f 37 36 31
f 31 37 32
f 32 37 31
f 32 37 38
f 38 37 32
f 32 38 33
f 33 38 32
f 33 38 39
f 39 38 33
f 33 39 34
f 34 39 33
f 34 39 40
f 40 39 34
f 34 40 35
f 35 40 34
f 36 41 42
f 42 41 36
f 36 42 37
f 37 42 36
f 37 42 43
f 43 42 37
f 37 43 38
f 38 43 37
f 38 43 44
f 44 43 38
f 38 44 39
f 39 44 38
f 39 44 45
f 45 44 39
f 39 45 40
f 40 45 39
f 41 46 47
f 47 46 41
f 41 47 42
f 42 47 41
f 42 47 48
f 48 47 42
f 42 48 43
f 43 48 42
f 43 48 49
f 49 48 43
f 43 49 44
f 44 49 43
f 44 49 50
f 50 49 44
f 44 50 45
f 45 50 44
f 46 51 52
f 52 51 46
f 46 52 47
f 47 52 46
f 47 52 53
f 53 52 47
f 47 53 48
f 48 53 47
f 48 53 54
f 54 53 48
f 48 54 49
f 49 54 48
f 49 54 55
f 55 54 49
f 49 55 50
f 50 55 49
f 51 56 57
f 57 56 51
f 51 57 52
f 52 57 51
f 52 57 58
f 58 57 52
f 52 58 53
f 53 58 52
f 53 58 59
f 59 58 53
f 53 59 54
f 54 59 53
f 54 59 60
f 60 59 54
f 54 60 55
f 55 60 54
f 56 61 62
f 62 61 56
f 56 62 57
f 57 62 56
f 57 62 63
f 63 62 57
f 57 63 58
f 58 63 57
f 58 63 64
f 64 63 58
f 58 64 59
f 59 64 58
f 59 64 65
f 65 64 59
f 59 65 60
f 60 65 59
f 61 66 67
f 67 66 61
f 61 67 62
f 62 67 61
f 62 67 68
f 68 67 62
f 62 68 63
f 63 68 62
f 63 68 69
f 69 68 63
f 63 69 64
f 64 69 63
f 64 69 70
f 70 69 64
f 64 70 65
f 65 70 64
f 66 71 72
f 72 71 66
f 66 72 67
f 67 72 66
f 67 72 73
f 73 72 67
f 67 73 68
f 68 73 67
f 68 73 74
f 74 73 68
f 68 74 69
f 69 74 68
f 69 74 75
f 75 74 69
f 69 75 70
f 70 75 69
f 71 76 77
f 77 76 71
f 71 77 72
f 72 77 71
f 72 77 78
f 78 77 72
f 72 78 73
f 73 78 72
f 73 78 79
f 79 78 73
f 73 79 74
f 74 79 73
f 74 79 80
f 80 79 74
f 74 80 75
f 75 80 74
f 76 81 82
f 82 81 76
f 76 82 77
f 77 82 76
f 77 82 83
f 83 82 77
f 77 83 78
f 78 83 77
f 78 83 84
f 84 83 78
f 78 84 79
f 79 84 78
f 79 84 85
f 85 84 79
f 79 85 80
f 80 85 79
f 81 86 87
f 87 86 81
f 81 87 82
f 82 87 81
f 82 87 88
f 88 87 82
f 82 88 83
f 83 88 82
f 83 88 89
f 89 88 83
f 83 89 84
f 84 89 83
f 84 89 90
f 90 89 84
f 84 90 85
f 85 90 84
f 86 91 92
f 92 91 86
f 86 92 87
f 87 92 86
f 87 92 93
f 93 92 87
f 87 93 88
f 88 93 87
f 88 93 94
f 94 93 88
f 88 94 89
f 89 94 88
f 89 94 95
f 95 94 89
f 89 95 90
f 90 95 89
f 91 96 97
f 97 96 91
f 91 97 92
f 92 97 91
f 92 97 98
f 98 97 92
f 92 98 93
f 93 98 92
f 93 98 99
f 99 98 93
f 93 99 94
f 94 99 93
f 94 99 100
f 100 99 94
f 94 100 95
f 95 100 94
f 96 101 102
f 102 101 96
f 96 102 97
f 97 102 96
f 97 102 103
f 103 102 97
f 97 103 98
f 98 103 97
f 98 103 104
f 104 103 98
f 98 104 99
f 99 104 98
f 99 104 105
f 105 104 99
f 99 105 100
f 100 105 99
f 101 106 107
f 107 106 101
f 101 107 102
f 102 107 101
f 102 107 108
f 108 107 102
f 102 108 103
f 103 108 102
f 103 108 109
f 109 108 103
f 103 109 104
f 104 109 103
f 104 109 110
f 110 109 104
f 104 110 105
f 105 110 104
f 106 111 112
f 112 111 106
f 106 112 107
f 107 112 106
f 107 112 113
f 113 112 107
f 107 113 108
f 108 113 107
f 108 113 114
f 114 113 108
f 108 114 109
f 109 114 108
f 109 114 115
f 115 114 109
f 109 115 110
f 110 115 109
f 111 116 117
f 117 116 111
f 111 117 112
f 112 117 111
f 112 117 118
f 118 117 112
f 112 118 113
f 113 118 112
f 113 118 119
f 119 118 113
f 113 119 114
f 114 119 113
f 114 119 120
f 120 119 114
f 114 120 115
f 115 120 114
f 116 121 122
f 122 121 116
f 116 122 117
f 117 122 116
f 117 122 123
f 123 122 117
f 117 123 118
f 118 123 117
f 118 123 124
f 124 123 118
f 118 124 119
f 119 124 118
f 119 124 125
f 125 124 119
f 119 125 120
f 120 125 119
f 121 126 127
f 127 126 121
f 121 127 122
f 122 127 121
f 122 127 128
f 128 127 122
f 122 128 123
f 123 128 122
f 123 128 129
f 129 128 123
f 123 129 124
f 124 129 123
f 124 129 130
f 130 129 124
f 124 130 125
f 125 130 124
f 126 131 132
f 132 131 126
f 126 132 127
f 127 132 126
f 127 132 133
f 133 132 127
f 127 133 128
f 128 133 127
f 128 133 134
f 134 133 128
f 128 134 129
f 129 134 128
f 129 134 135
f 135 134 129
f 129 135 130
f 130 135 129
f 131 136 137
f 137 136 131
f 131 137 132
f 132 137 131
f 132 137 138
f 138 137 132
f 132 138 133
f 133 138 132
f 133 138 139
f 139 138 133
f 133 139 134
f 134 139 133
f 134 139 140
f 140 139 134
f 134 140 135
f 135 140 134
f 136 141 142
f 142 141 136
f 136 142 137
f 137 142 136
f 137 142 143
f 143 142 137
f 137 143 138
f 138 143 137
f 138 143 144
f 144 143 138
f 138 144 139
f 139 144 138
f 139 144 145
f 145 144 139
f 139 145 140
f 140 145 139
f 141 146 147
f 147 146 141
f 141 147 142
f 142 147 141
f 142 147 148
f 148 147 142
f 142 148 143
f 143 148 142
f 143 148 149
f 149 148 143
f 143 149 144
f 144 149 143
f 144 149 150
f 150 149 144
f 144 150 145
f 145 150 144
f 146 151 152
f 152 151 146
f 146 152 147
f 147 152 146
f 147 152 153
f 153 152 147
f 147 153 148
f 148 153 147
f 148 153 154
f 154 153 148
f 148 154 149
f 149 154 148
f 149 154 155
f 155 154 149
f 149 155 150
f 150 155 149
f 151 156 157
f 157 156 151
f 151 157 152
f 152 157 151
f 152 157 158
f 158 157 152
f 152 158 153
f 153 158 152
f 153 158 159
f 159 158 153
f 153 159 154
f 154 159 153
f 154 159 160
f 160 159 154
f 154 160 155
f 155 160 154
f 156 161 162
f 162 161 156
f 156 162 157
f 157 162 156
f 157 162 163
f 163 162 157
f 157 163 158
f 158 163 157
f 158 163 164
f 164 163 158
f 158 164 159
f 159 164 158
f 159 164 165
f 165 164 159
f 159 165 160
f 160 165 159
f 161 166 167
f 167 166 161
f 161 167 162
f 162 167 161
f 162 167 168
f 168 167 162
f 162 168 163
f 163 168 162
f 163 168 169
f 169 168 163
f 163 169 164
f 164 169 163
f 164 169 170
f 170 169 164
f 164 170 165
f 165 170 164
f 171 176 177
f 177 176 171
f 171 177 172
f 172 177 171
f 172 177 178
f 178 177 172
f 172 178 173
f 173 178 172
f 173 178 179
f 179 178 173
f 173 179 174
f 174 179 173
f 174 179 180
f 180 179 174
f 174 180 175
f 175 180 174
f 176 181 182
f 182 181 176
f 176 182 177
f 177 182 176
f 177 182 183
f 183 182 177
f 177 183 178
f 178 183 177
f 178 183 184
f 184 183 178
f 178 184 179
f 179 184 178
f 179 184 185
f 185 184 179
f 179 185 180
f 180 185 179
f 181 186 187
f 187 186 181
f 181 187 182
f 182 187 181
f 182 187 188
f 188 187 182
f 182 188 183
f 183 188 182
f 183 188 189
f 189 188 183
f 183 189 184
f 184 189 183
f 184 189 190
f 190 189 184
f 184 190 185
f 185 190 184
f 186 191 192
f 192 191 186
f 186 192 187
f 187 192 186
f 187 192 193
f 193 192 187
f 187 193 188
f 188 193 187
f 188 193 194
f 194 193 188
f 188 194 189
f 189 194 188
f 189 194 195
f 195 194 189
f 189 195 190
f 190 195 189
f 191 196 197
f 197 196 191
f 191 197 192
f 192 197 191
f 192 197 198
f 198 197 192
f 192 198 193
f 193 198 192
f 193 198 199
f 199 198 193
f 193 199 194
f 194 199 193
f 194 199 200
f 200 199 194
f 194 200 195
f 195 200 194
f 196 201 202
f 202 201 196
f 196 202 197
f 197 202 196
f 197 202 203
f 203 202 197
f 197 203 198
f 198 203 197
f 198 203 204
f 204 203 198
f 198 204 199
f 199 204 198
f 199 204 205
f 205 204 199
f 199 205 200
f 200 205 199
f 201 206 207
f 207 206 201
f 201 207 202
f 202 207 201
f 202 207 208
f 208 207 202
f 202 208 203
f 203 208 202
f 203 208 209
f 209 208 203
f 203 209 204
f 204 209 203
f 204 209 210
f 210 209 204
f 204 210 205
f 205 210 204
f 206 211 212
f 212 211 206
f 206 212 207
f 207 212 206
f 207 212 213
f 213 212 207
f 207 213 208
f 208 213 207
f 208 213 214
f 214 213 208
f 208 214 209
f 209 214 208
f 209 214 215
f 215 214 209
f 209 215 210
f 210 215 209
f 211 216 217
f 217 216 211
f 211 217 212
f 212 217 211
f 212 217 218
f 218 217 212
f 212 218 213
f 213 218 212
f 213 218 219
f 219 218 213
f 213 219 214
f 214 219 213
f 214 219 220
f 220 219 214
f 214 220 215
f 215 220 214
f 216 221 222
f 222 221 216
f 216 222 217
f 217 222 216
f 217 222 223
f 223 222 217
f 217 223 218
f 218 223 217
f 218 223 224
f 224 223 218
f 218 224 219
f 219 224 218
f 219 224 225
f 225 224 219
f 219 225 220
f 220 225 219
f 221 226 227
f 227 226 221
f 221 227 222
f 222 227 221
f 222 227 228
f 228 227 222
f 222 228 223
f 223 228 222
f 223 228 229
f 229 228 223
f 223 229 224
f 224 229 223
f 224 229 230
f 230 229 224
f 224 230 225
f 225 230 224
f 226 231 232
f 232 231 226
f 226 232 227
f 227 232 226
f 227 232 233
f 233 232 227
f 227 233 228
f 228 233 227
f 228 233 234
f 234 233 228
f 228 234 229
f 229 234 228
f 229 234 235
f 235 234 229
f 229 235 230
f 230 235 229
f 231 236 237
f 237 236 231
f 231 237 232
f 232 237 231
f 232 237 238
f 238 237 232
f 232 238 233
f 233 238 232
f 233 238 239
f 239 238 233
f 233 239 234
f 234 239 233
f 234 239 240
f 240 239 234
f 234 240 235
f 235 240 234
f 236 241 242
f 242 241 236
f 236 242 237
f 237 242 236
f 237 242 243
f 243 242 237
f 237 243 238
f 238 243 237
f 238 243 244
f 244 243 238
f 238 244 239
f 239 244 238
f 239 244 245
f 245 244 239
f 239 245 240
f 240 245 239
f 241 246 247
f 247 246 241
f 241 247 242
f 242 247 241
f 242 247 248
f 248 247 242
f 242 248 243
f 243 248 242
f 243 248 249
f 249 248 243
f 243 249 244
f 244 249 243
f 244 249 250
f 250 249 244
f 244 250 245
f 245 250 244
f 246 251 252
f 252 251 246
f 246 252 247
f 247 252 246
f 247 252 253
f 253 252 247
f 247 253 248
f 248 253 247
f 248 253 254
f 254 253 248
f 248 254 249
f 249 254 248
f 249 254 255
f 255 254 249
f 249 255 250
f 250 255 249
f 251 256 257
f 257 256 251
f 251 257 252
f 252 257 251
f 252 257 258
f 258 257 252
f 252 258 253
f 253 258 252
f 253 258 259
f 259 258 253
f 253 259 254
f 254 259 253
f 254 259 260
f 260 259 254
f 254 260 255
f 255 260 254
f 256 261 262
f 262 261 256
f 256 262 257
f 257 262 256
f 257 262 263
f 263 262 257
f 257 263 258
f 258 263 257
f 258 263 264
f 264 263 258
f 258 264 259
f 259 264 258
f 259 264 265
f 265 264 259
f 259 265 260
f 260 265 259
f 261 266 267
f 267 266 261
f 261 267 262
f 262 267 261
f 262 267 268
f 268 267 262
f 262 268 263
f 263 268 262
f 263 268 269
f 269 268 263
f 263 269 264
f 264 269 263
f 264 269 270
f 270 269 264
f 264 270 265
f 265 270 264
f 266 271 272
f 272 271 266
f 266 272 267
f 267 272 266
f 267 272 273
f 273 272 267
f 267 273 268
f 268 273 267
f 268 273 274
f 274 273 268
f 268 274 269
f 269 274 268
f 269 274 275
f 275 274 269
f 269 275 270
f 270 275 269
f 271 276 277
f 277 276 271
f 271 277 272
f 272 277 271
f 272 277 278
f 278 277 272
f 272 278 273
f 273 278 272
f 273 278 279
f 279 278 273
f 273 279 274
f 274 279 273
f 274 279 280
f 280 279 274
f 274 280 275
f 275 280 274
f 276 281 282
f 282 281 276
f 276 282 277
f 277 282 276
f 277 282 283
f 283 282 277
f 277 283 278
f 278 283 277
f 278 283 284
f 284 283 278
f 278 284 279
f 279 284 278
f 279 284 285
f 285 284 279
f 279 285 280
f 280 285 279
f 281 286 287
f 287 286 281
f 281 287 282
f 282 287 281
f 282 287 288
f 288 287 282
f 282 288 283
f 283 288 282
f 283 288 289
f 289 288 283
f 283 289 284
f 284 289 283
f 284 289 290
f 290 289 284
f 284 290 285
f 285 290 284
f 286 291 292
f 292 291 286
f 286 292 287
f 287 292 286
f 287 292 293
f 293 292 287
f 287 293 288
f 288 293 287
f 288 293 294
f 294 293 288
f 288 294 289
f 289 294 288
f 289 294 295
f 295 294 289
f 289 295 290
f 290 295 289
f 291 296 297
f 297 296 291
f 291 297 292
f 292 297 291
f 292 297 298
f 298 297 292
f 292 298 293
f 293 298 292
f 293 298 299
f 299 298 293
f 293 299 294
f 294 299 293
f 294 299 300
f 300 299 294
f 294 300 295
f 295 300 294
f 296 301 302
f 302 301 296
f 296 302 297
f 297 302 296
f 297 302 303
f 303 302 297
f 297 303 298
f 298 303 297
f 298 303 304
f 304 303 298
f 298 304 299
f 299 304 298
f 299 304 305
f 305 304 299
f 299 305 300
f 300 305 299
f 301 306 307
f 307 306 301
f 301 307 302
f 302 307 301
f 302 307 308
f 308 307 302
f 302 308 303
f 303 308 302
f 303 308 309
f 309 308 303
f 303 309 304
f 304 309 303
f 304 309 310
f 310 309 304
f 304 310 305
f 305 310 304
f 306 311 312
f 312 311 306
f 306 312 307
f 307 312 306
f 307 312 313
f 313 312 307
f 307 313 308
f 308 313 307
f 308 313 314
f 314 313 308
f 308 314 309
f 309 314 308
f 309 314 315
f 315 314 309
f 309 315 310
f 310 315 309
f 311 316 317
f 317 316 311
f 311 317 312
f 312 317 311
f 312 317 318
f 318 317 312
f 312 318 313
f 313 318 312
f 313 318 319
f 319 318 313
f 313 319 314
f 314 319 313
f 314 319 320
f 320 319 314
f 314 320 315
f 315 320 314
f 316 321 322
f 322 321 316
f 316 322 317
f 317 322 316
f 317 322 323
f 323 322 317
f 317 323 318
f 318 323 317
f 318 323 324
f 324 323 318
f 318 324 319
f 319 324 318
f 319 324 325
f 325 324 319
f 319 325 320
f 320 325 319
f 321 326 327
f 327 326 321
f 321 327 322
f 322 327 321
f 322 327 328
f 328 327 322
f 322 328 323
f 323 328 322
f 323 328 329
f 329 328 323
f 323 329 324
f 324 329 323
f 324 329 330
f 330 329 324
f 324 330 325
f 325 330 324
f 326 331 332
f 332 331 326
f 326 332 327
f 327 332 326
f 327 332 333
f 333 332 327
f 327 333 328
f 328 333 327
f 328 333 334
f 334 333 328
f 328 334 329
f 329 334 328
f 329 334 335
f 335 334 329
f 329 335 330
f 330 335 329
f 331 336 337
f 337 336 331
f 331 337 332
f 332 337 331
f 332 337 338
f 338 337 332
f 332 338 333
f 333 338 332
f 333 338 339
f 339 338 333
f 333 339 334
f 334 339 333
f 334 339 340
f 340 339 334
f 334 340 335
f 335 340 334
f 341 346 347
f 347 346 341
f 341 347 342
f 342 347 341
f 342 347 348
f 348 347 342
f 342 348 343
f 343 348 342
f 343 348 349
f 349 348 343
f 343 349 344
f 344 349 343
f 344 349 350
f 350 349 344
f 344 350 345
f 345 350 344
f 346 351 352
f 352 351 346
f 346 352 347
f 347 352 346
f 347 352 353
f 353 352 347
f 347 353 348
f 348 353 347
f 348 353 354
f 354 353 348
f 348 354 349
f 349 354 348
f 349 354 355
f 355 354 349
f 349 355 350
f 350 355 349
f 351 356 357
f 357 356 351
f 351 357 352
f 352 357 351
f 352 357 358
f 358 357 352
f 352 358 353
f 353 358 352
f 353 358 359
f 359 358 353
f 353 359 354
f 354 359 353
f 354 359 360
f 360 359 354
f 354 360 355
f 355 360 354
f 356 361 362
f 362 361 356
f 356 362 357
f 357 362 356
f 357 362 363
f 363 362 357
f 357 363 358
f 358 363 357
f 358 363 364
f 364 363 358
f 358 364 359
f 359 364 358
f 359 364 365
f 365 364 359
f 359 365 360
f 360 365 359
f 361 366 367
f 367 366 361
f 361 367 362
f 362 367 361
f 362 367 368
f 368 367 362
f 362 368 363
f 363 368 362
f 363 368 369
f 369 368 363
f 363 369 364
f 364 369 363
f 364 369 370
f 370 369 364
f 364 370 365
f 365 370 364
f 366 371 372
f 372 371 366
f 366 372 367
f 367 372 366
f 367 372 373
f 373 372 367
f 367 373 368
f 368 373 367
f 368 373 374
f 374 373 368
f 368 374 369
f 369 374 368
f 369 374 375
f 375 374 369
f 369 375 370
f 370 375 369
f 371 376 377
f 377 376 371
f 371 377 372
f 372 377 371
f 372 377 378
f 378 377 372
f 372 378 373
f 373 378 372
f 373 378 379
f 379 378 373
f 373 379 374
f 374 379 373
f 374 379 380
f 380 379 374
f 374 380 375
f 375 380 374
f 376 381 382
f 382 381 376
f 376 382 377
f 377 382 376
f 377 382 383
f 383 382 377
f 377 383 378
f 378 383 377
f 378 383 384
f 384 383 378
f 378 384 379
f 379 384 378
f 379 384 385
f 385 384 379
f 379 385 380
f 380 385 379
f 381 386 387
f 387 386 381
f 381 387 382
f 382 387 381
f 382 387 388
f 388 387 382
f 382 388 383
f 383 388 382
f 383 388 389
f 389 388 383
f 383 389 384
f 384 389 383
f 384 389 390
f 390 389 384
f 384 390 385
f 385 390 384
f 386 391 392
f 392 391 386
f 386 392 387
f 387 392 386
f 387 392 393
f 393 392 387
f 387 393 388
f 388 393 387
f 388 393 394
f 394 393 388
f 388 394 389
f 389 394 388
f 389 394 395
f 395 394 389
f 389 395 390
f 390 395 389
f 391 396 397
f 397 396 391
f 391 397 392
f 392 397 391
f 392 397 398
f 398 397 392
f 392 398 393
f 393 398 392
f 393 398 399
f 399 398 393
f 393 399 394
f 394 399 393
f 394 399 400
f 400 399 394
f 394 400 395
f 395 400 394
f 396 401 402
f 402 401 396
f 396 402 397
f 397 402 396
f 397 402 403
f 403 402 397
f 397 403 398
f 398 403 397
f 398 403 404
f 404 403 398
f 398 404 399
f 399 404 398
f 399 404 405
f 405 404 399
f 399 405 400
f 400 405 399
f 401 406 407
f 407 406 401
f 401 407 402
f 402 407 401
f 402 407 408
f 408 407 402
f 402 408 403
f 403 408 402
f 403 408 409
f 409 408 403
f 403 409 404
f 404 409 403
f 404 409 410
f 410 409 404
f 404 410 405
f 405 410 404
f 406 411 412
f 412 411 406
f 406 412 407
f 407 412 406
f 407 412 413
f 413 412 407
f 407 413 408
f 408 413 407
f 408 413 414
f 414 413 408
f 408 414 409
f 409 414 408
f 409 414 415
f 415 414 409
f 409 415 410
f 410 415 409
f 411 416 417
f 417 416 411
f 411 417 412
f 412 417 411
f 412 417 418
f 418 417 412
f 412 418 413
f 413 418 412
f 413 418 419
f 419 418 413
f 413 419 414
f 414 419 413
f 414 419 420
f 420 419 414
f 414 420 415
f 415 420 414
f 416 421 422
f 422 421 416
f 416 422 417
f 417 422 416
f 417 422 423
f 423 422 417
f 417 423 418
f 418 423 417
f 418 423 424
f 424 423 418
f 418 424 419
f 419 424 418
f 419 424 425
f 425 424 419
f 419 425 420
f 420 425 419
f 421 426 427
f 427 426 421
f 421 427 422
f 422 427 421
f 422 427 428
f 428 427 422
f 422 428 423
f 423 428 422
f 423 428 429
f 429 428 423
f 423 429 424
f 424 429 423
f 424 429 430
f 430 429 424
f 424 430 425
f 425 430 424
f 426 431 432
f 432 431 426
f 426 432 427
f 427 432 426
f 427 432 433
f 433 432 427
f 427 433 428
f 428 433 427
f 428 433 434
f 434 433 428
f 428 434 429
f 429 434 428
f 429 434 435
f 435 434 429
f 429 435 430
f 430 435 429
f 431 436 437
f 437 436 431
f 431 437 432
f 432 437 431
f 432 437 438
f 438 437 432
f 432 438 433
f 433 438 432
f 433 438 439
f 439 438 433
f 433 439 434
f 434 439 433
f 434 439 440
f 440 439 434
f 434 440 435
f 435 440 434
f 436 441 442
f 442 441 436
f 436 442 437
f 437 442 436
f 437 442 443
f 443 442 437
f 437 443 438
f 438 443 437
f 438 443 444
f 444 443 438
f 438 444 439
f 439 444 438
f 439 444 445
f 445 444 439
f 439 445 440
f 440 445 439
f 441 446 447
f 447 446 441
f 441 447 442
f 442 447 441
f 442 447 448
f 448 447 442
f 442 448 443
f 443 448 442
f 443 448 449
f 449 448 443
f 443 449 444
f 444 449 443
f 444 449 450
f 450 449 444
f 444 450 445
f 445 450 444
f 446 451 452
f 452 451 446
f 446 452 447
f 447 452 446
f 447 452 453
f 453 452 447
f 447 453 448
f 448 453 447
f 448 453 454
f 454 453 448
f 448 454 449
f 449 454 448
f 449 454 455
f 455 454 449
f 449 455 450
f 450 455 449
f 451 456 457
f 457 456 451
f 451 457 452
f 452 457 451
f 452 457 458
f 458 457 452
f 452 458 453
f 453 458 452
f 453 458 459
f 459 458 453
f 453 459 454
f 454 459 453
f 454 459 460
f 460 459 454
f 454 460 455
f 455 460 454
f 456 461 462
f 462 461 456
f 456 462 457
f 457 462 456
f 457 462 463
f 463 462 457
f 457 463 458
f 458 463 457
f 458 463 464
f 464 463 458
f 458 464 459
f 459 464 458
f 459 464 465
f 465 464 459
f 459 465 460
f 460 465 459
f 461 466 467
f 467 466 461
f 461 467 462
f 462 467 461
f 462 467 468
f 468 467 462
f 462 468 463
f 463 468 462
f 463 468 469
f 469 468 463
f 463 469 464
f 464 469 463
f 464 469 470
f 470 469 464
f 464 470 465
f 465 470 464
f 466 471 472
f 472 471 466
f 466 472 467
f 467 472 466
f 467 472 473
f 473 472 467
f 467 473 468
f 468 473 467
f 468 473 474
f 474 473 468
f 468 474 469
f 469 474 468
f 469 474 475
f 475 474 469
f 469 475 470
f 470 475 469
f 471 476 477
f 477 476 471
f 471 477 472
f 472 477 471
f 472 477 478
f 478 477 472
f 472 478 473
f 473 478 472
f 473 478 479
f 479 478 473
f 473 479 474
f 474 479 473
f 474 479 480
f 480 479 474
f 474 480 475
f 475 480 474
f 476 481 482
f 482 481 476
f 476 482 477
f 477 482 476
f 477 482 483
f 483 482 477
f 477 483 478
f 478 483 477
f 478 483 484
f 484 483 478
f 478 484 479
f 479 484 478
f 479 484 485
f 485 484 479
f 479 485 480
f 480 485 479
f 481 486 487
f 487 486 481
f 481 487 482
f 482 487 481
f 482 487 488
f 488 487 482
f 482 488 483
f 483 488 482
f 483 488 489
f 489 488 483
f 483 489 484
f 484 489 483
f 484 489 490
f 490 489 484
f 484 490 485
f 485 490 484
f 486 491 492
f 492 491 486
f 486 492 487
f 487 492 486
f 487 492 493
f 493 492 487
f 487 493 488
f 488 493 487
f 488 493 494
f 494 493 488
f 488 494 489
f 489 494 488
f 489 494 495
f 495 494 489
f 489 495 490
f 490 495 489
f 491 496 497
f 497 496 491
f 491 497 492
f 492 497 491
f 492 497 498
f 498 497 492
f 492 498 493
f 493 498 492
f 493 498 499
f 499 498 493
f 493 499 494
f 494 499 493
f 494 499 500
f 500 499 494
f 494 500 495
f 495 500 494
f 496 501 502
f 502 501 496
f 496 502 497
f 497 502 496
f 497 502 503
f 503 502 497
f 497 503 498
f 498 503 497
f 498 503 504
f 504 503 498
f 498 504 499
f 499 504 498
f 499 504 505
f 505 504 499
f 499 505 500
f 500 505 499
f 501 506 507
f 507 506 501
f 501 507 502
f 502 507 501
f 502 507 508
f 508 507 502
f 502 508 503
f 503 508 502
f 503 508 509
f 509 508 503
f 503 509 504
f 504 509 503
f 504 509 510
f 510 509 504
f 504 510 505
f 505 510 504
f 511 516 517
f 517 516 511
f 511 517 512
f 512 517 511
f 512 517 518
f 518 517 512
f 512 518 513
f 513 518 512
f 513 518 519
f 519 518 513
f 513 519 514
f 514 519 513
f 514 519 520
f 520 519 514
f 514 520 515
f 515 520 514
f 516 521 522
f 522 521 516
f 516 522 517
f 517 522 516
f 517 522 523
f 523 522 517
f 517 523 518
f 518 523 517
f 518 523 524
f 524 523 518
f 518 524 519
f 519 524 518
f 519 524 525
f 525 524 519
f 519 525 520
f 520 525 519
f 521 526 527
f 527 526 521
f 521 527 522
f 522 527 521
f 522 527 528
f 528 527 522
f 522 528 523
f 523 528 522
f 523 528 529
f 529 528 523
f 523 529 524
f 524 529 523
f 524 529 530
f 530 529 524
f 524 530 525
f 525 530 524
f 526 531 532
f 532 531 526
f 526 532 527
f 527 532 526
f 527 532 533
f 533 532 527
f 527 533 528
f 528 533 527
f 528 533 534
f 534 533 528
f 528 534 529
f 529 534 528
f 529 534 535
f 535 534 529
f 529 535 530
f 530 535 529
f 531 536 537
f 537 536 531
f 531 537 532
f 532 537 531
f 532 537 538
f 538 537 532
f 532 538 533
f 533 538 532
f 533 538 539
f 539 538 533
f 533 539 534
f 534 539 533
f 534 539 540
f 540 539 534
f 534 540 535
f 535 540 534
f 536 541 542
f 542 541 536
f 536 542 537
f 537 542 536
f 537 542 543
f 543 542 537
f 537 543 538
f 538 543 537
f 538 543 544
f 544 543 538
f 538 544 539
f 539 544 538
f 539 544 545
f 545 544 539
f 539 545 540
f 540 545 539
f 541 546 547
f 547 546 541
f 541 547 542
f 542 547 541
f 542 547 548
f 548 547 542
f 542 548 543
f 543 548 542
f 543 548 549
f 549 548 543
f 543 549 544
f 544 549 543
f 544 549 550
f 550 549 544
f 544 550 545
f 545 550 544
f 546 551 552
f 552 551 546
f 546 552 547
f 547 552 546
f 547 552 553
f 553 552 547
f 547 553 548
f 548 553 547
f 548 553 554
f 554 553 548
f 548 554 549
f 549 554 548
f 549 554 555
f 555 554 549
f 549 555 550
f 550 555 549
f 551 556 557
f 557 556 551
f 551 557 552
f 552 557 551
f 552 557 558
f 558 557 552
f 552 558 553
f 553 558 552
f 553 558 559
f 559 558 553
f 553 559 554
f 554 559 553
f 554 559 560
f 560 559 554
f 554 560 555
f 555 560 554
f 556 561 562
f 562 561 556
f 556 562 557
f 557 562 556
f 557 562 563
f 563 562 557
f 557 563 558
f 558 563 557
f 558 563 564
f 564 563 558
f 558 564 559
f 559 564 558
f 559 564 565
f 565 564 559
f 559 565 560
f 560 565 559
f 561 566 567
f 567 566 561
f 561 567 562
f 562 567 561
f 562 567 568
f 568 567 562
f 562 568 563
f 563 568 562
f 563 568 569
f 569 568 563
f 563 569 564
f 564 569 563
f 564 569 570
f 570 569 564
f 564 570 565
f 565 570 564
f 566 571 572
f 572 571 566
f 566 572 567
f 567 572 566
f 567 572 573
f 573 572 567
f 567 573 568
f 568 573 567
f 568 573 574
f 574 573 568
f 568 574 569
f 569 574 568
f 569 574 575
f 575 574 569
f 569 575 570
f 570 575 569
f 571 576 577
f 577 576 571
f 571 577 572
f 572 577 571
f 572 577 578
f 578 577 572
f 572 578 573
f 573 578 572
f 573 578 579
f 579 578 573
f 573 579 574
f 574 579 573
f 574 579 580
f 580 579 574
f 574 580 575
f 575 580 574
f 576 581 582
f 582 581 576
f 576 582 577
f 577 582 576
f 577 582 583
f 583 582 577
f 577 583 578
f 578 583 577
f 578 583 584
f 584 583 578
f 578 584 579
f 579 584 578
f 579 584 585
f 585 584 579
f 579 585 580
f 580 585 579
f 581 586 587
f 587 586 581
f 581 587 582
f 582 587 581
f 582 587 588
f 588 587 582
f 582 588 583
f 583 588 582
f 583 588 589
f 589 588 583
f 583 589 584
f 584 589 583
f 584 589 590
f 590 589 584
f 584 590 585
f 585 590 584
f 586 591 592
f 592 591 586
f 586 592 587
f 587 592 586
f 587 592 593
f 593 592 587
f 587 593 588
f 588 593 587
f 588 593 594
f 594 593 588
f 588 594 589
f 589 594 588
f 589 594 595
f 595 594 589
f 589 595 590
f 590 595 589
f 591 596 597
f 597 596 591
f 591 597 592
f 592 597 591
f 592 597 598
f 598 597 592
f 592 598 593
f 593 598 592
f 593 598 599
f 599 598 593
f 593 599 594
f 594 599 593
f 594 599 600
f 600 599 594
f 594 600 595
f 595 600 594
f 596 601 602
f 602 601 596
f 596 602 597
f 597 602 596
f 597 602 603
f 603 602 597
f 597 603 598
f 598 603 597
f 598 603 604
f 604 603 598
f 598 604 599
f 599 604 598
f 599 604 605
f 605 604 599
f 599 605 600
f 600 605 599
f 601 606 607
f 607 606 601
f 601 607 602
f 602 607 601
f 602 607 608
f 608 607 602
f 602 608 603
f 603 608 602
f 603 608 609
f 609 608 603
f 603 609 604
f 604 609 603
f 604 609 610
f 610 609 604
f 604 610 605
f 605 610 604
f 606 611 612
f 612 611 606
f 606 612 607
f 607 612 606
f 607 612 613
f 613 612 607
f 607 613 608
f 608 613 607
f 608 613 614
f 614 613 608
f 608 614 609
f 609 614 608
f 609 614 615
f 615 614 609
f 609 615 610
f 610 615 609
f 611 616 617
f 617 616 611
f 611 617 612
f 612 617 611
f 612 617 618
f 618 617 612
f 612 618 613
f 613 618 612
f 613 618 619
f 619 618 613
f 613 619 614
f 614 619 613
f 614 619 620
f 620 619 614
f 614 620 615
f 615 620 614
f 616 621 622
f 622 621 616
f 616 622 617
f 617 622 616
f 617 622 623
f 623 622 617
f 617 623 618
f 618 623 617
f 618 623 624
f 624 623 618
f 618 624 619
f 619 624 618
f 619 624 625
f 625 624 619
f 619 625 620
f 620 625 619
f 621 626 627
f 627 626 621
f 621 627 622
f 622 627 621
f 622 627 628
f 628 627 622
f 622 628 623
f 623 628 622
f 623 628 629
f 629 628 623
f 623 629 624
f 624 629 623
f 624 629 630
f 630 629 624
f 624 630 625
f 625 630 624
f 626 631 632
f 632 631 626
f 626 632 627
f 627 632 626
f 627 632 633
f 633 632 627
f 627 633 628
f 628 633 627
f 628 633 634
f 634 633 628
f 628 634 629
f 629 634 628
f 629 634 635
f 635 634 629
f 629 635 630
f 630 635 629
f 631 636 637
f 637 636 631
f 631 637 632
f 632 637 631
f 632 637 638
f 638 637 632
f 632 638 633
f 633 638 632
f 633 638 639
f 639 638 633
f 633 639 634
f 634 639 633
f 634 639 640
f 640 639 634
f 634 640 635
f 635 640 634
f 636 641 642
f 642 641 636
f 636 642 637
f 637 642 636
f 637 642 643
f 643 642 637
f 637 643 638
f 638 643 637
f 638 643 644
f 644 643 638
f 638 644 639
f 639 644 638
f 639 644 645
f 645 644 639
f 639 645 640
f 640 645 639
f 641 646 647
f 647 646 641
f 641 647 642
f 642 647 641
f 642 647 648
f 648 647 642
f 642 648 643
f 643 648 642
f 643 648 649
f 649 648 643
f 643 649 644
f 644 649 643
f 644 649 650
f 650 649 644
f 644 650 645
f 645 650 644
f 646 651 652
f 652 651 646
f 646 652 647
f 647 652 646
f 647 652 653
f 653 652 647
f 647 653 648
f 648 653 647
f 648 653 654
f 654 653 648
f 648 654 649
f 649 654 648
f 649 654 655
f 655 654 649
f 649 655 650
f 650 655 649
f 651 656 657
f 657 656 651
f 651 657 652
f 652 657 651
f 652 657 658
f 658 657 652
f 652 658 653
f 653 658 652
f 653 658 659
f 659 658 653
f 653 659 654
f 654 659 653
f 654 659 660
f 660 659 654
f 654 660 655
f 655 660 654
f 656 661 662
f 662 661 656
f 656 662 657
f 657 662 656
f 657 662 663
f 663 662 657
f 657 663 658
f 658 663 657
f 658 663 664
f 664 663 658
f 658 664 659
f 659 664 658
f 659 664 665
f 665 664 659
f 659 665 660
f 660 665 659
f 661 666 667
f 667 666 661
f 661 667 662
f 662 667 661
f 662 667 668
f 668 667 662
f 662 668 663
f 663 668 662
f 663 668 669
f 669 668 663
f 663 669 664
f 664 669 663
f 664 669 670
f 670 669 664
f 664 670 665
f 665 670 664
f 666 671 672
f 672 671 666
f 666 672 667
f 667 672 666
f 667 672 673
f 673 672 667
f 667 673 668
f 668 673 667
f 668 673 674
f 674 673 668
f 668 674 669
f 669 674 668
f 669 674 675
f 675 674 669
f 669 675 670
f 670 675 669
f 671 676 677
f 677 676 671
f 671 677 672
f 672 677 671
f 672 677 678
f 678 677 672
f 672 678 673
f 673 678 672
f 673 678 679
f 679 678 673
f 673 679 674
f 674 679 673
f 674 679 680
f 680 679 674
f 674 680 675
f 675 680 674
usemtl FarMountains
f 681 686 687
f 687 686 681
f 681 687 682
f 682 687 681
f 682 687 688
f 688 687 682
f 682 688 683
f 683 688 682
f 683 688 689
f 689 688 683
f 683 689 684
f 684 689 683
f 684 689 690
f 690 689 684
f 684 690 685
f 685 690 684
f 686 691 692
f 692 691 686
f 686 692 687
f 687 692 686
f 687 692 693
f 693 692 687
f 687 693 688
f 688 693 687
f 688 693 694
f 694 693 688
f 688 694 689
f 689 694 688
f 689 694 695
f 695 694 689
f 689 695 690
f 690 695 689
f 691 696 697
f 697 696 691
f 691 697 692
f 692 697 691
f 692 697 698
f 698 697 692
f 692 698 693
f 693 698 692
f 693 698 699
f 699 698 693
f 693 699 694
f 694 699 693
f 694 699 700
f 700 699 694
f 694 700 695
f 695 700 694
f 696 701 702
f 702 701 696
f 696 702 697
f 697 702 696
f 697 702 703
f 703 702 697
f 697 703 698
f 698 703 697
f 698 703 704
f 704 703 698
f 698 704 699
f 699 704 698
f 699 704 705
f 705 704 699
f 699 705 700
f 700 705 699
f 701 706 707
f 707 706 701
f 701 707 702
f 702 707 701
f 702 707 708
f 708 707 702
f 702 708 703
f 703 708 702
f 703 708 709
f 709 708 703
f 703 709 704
f 704 709 703
f 704 709 710
f 710 709 704
f 704 710 705
f 705 710 704
f 706 711 712
f 712 711 706
f 706 712 707
f 707 712 706
f 707 712 713
f 713 712 707
f 707 713 708
f 708 713 707
f 708 713 714
f 714 713 708
f 708 714 709
f 709 714 708
f 709 714 715
f 715 714 709
f 709 715 710
f 710 715 709
f 711 716 717
f 717 716 711
f 711 717 712
f 712 717 711
f 712 717 718
f 718 717 712
f 712 718 713
f 713 718 712
f 713 718 719
f 719 718 713
f 713 719 714
f 714 719 713
f 714 719 720
f 720 719 714
f 714 720 715
f 715 720 714
f 716 721 722
f 722 721 716
f 716 722 717
f 717 722 716
f 717 722 723
f 723 722 717
f 717 723 718
f 718 723 717
f 718 723 724
f 724 723 718
f 718 724 719
f 719 724 718
f 719 724 725
f 725 724 719
f 719 725 720
f 720 725 719
f 721 726 727
f 727 726 721
f 721 727 722
f 722 727 721
f 722 727 728
f 728 727 722
f 722 728 723
f 723 728 722
f 723 728 729
f 729 728 723
f 723 729 724
f 724 729 723
f 724 729 730
f 730 729 724
f 724 730 725
f 725 730 724
f 726 731 732
f 732 731 726
f 726 732 727
f 727 732 726
f 727 732 733
f 733 732 727
f 727 733 728
f 728 733 727
f 728 733 734
f 734 733 728
f 728 734 729
f 729 734 728
f 729 734 735
f 735 734 729
f 729 735 730
f 730 735 729
f 731 736 737
f 737 736 731
f 731 737 732
f 732 737 731
f 732 737 738
f 738 737 732
f 732 738 733
f 733 738 732
f 733 738 739
f 739 738 733
f 733 739 734
f 734 739 733
f 734 739 740
f 740 739 734
f 734 740 735
f 735 740 734
f 736 741 742
f 742 741 736
f 736 742 737
f 737 742 736
f 737 742 743
f 743 742 737
f 737 743 738
f 738 743 737
f 738 743 744
f 744 743 738
f 738 744 739
f 739 744 738
f 739 744 745
f 745 744 739
f 739 745 740
f 740 745 739
f 741 746 747
f 747 746 741
f 741 747 742
f 742 747 741
f 742 747 748
f 748 747 742
f 742 748 743
f 743 748 742
f 743 748 749
f 749 748 743
f 743 749 744
f 744 749 743
f 744 749 750
f 750 749 744
f 744 750 745
f 745 750 744
f 746 751 752
f 752 751 746
f 746 752 747
f 747 752 746
f 747 752 753
f 753 752 747
f 747 753 748
f 748 753 747
f 748 753 754
f 754 753 748
f 748 754 749
f 749 754 748
f 749 754 755
f 755 754 749
f 749 755 750
f 750 755 749
f 751 756 757
f 757 756 751
f 751 757 752
f 752 757 751
f 752 757 758
f 758 757 752
f 752 758 753
f 753 758 752
f 753 758 759
f 759 758 753
f 753 759 754
f 754 759 753
f 754 759 760
f 760 759 754
f 754 760 755
f 755 760 754
f 756 761 762
f 762 761 756
f 756 762 757
f 757 762 756
f 757 762 763
f 763 762 757
f 757 763 758
f 758 763 757
f 758 763 764
f 764 763 758
f 758 764 759
f 759 764 758
f 759 764 765
f 765 764 759
f 759 765 760
f 760 765 759
f 761 766 767
f 767 766 761
f 761 767 762
f 762 767 761
f 762 767 768
f 768 767 762
f 762 768 763
f 763 768 762
f 763 768 769
f 769 768 763
f 763 769 764
f 764 769 763
f 764 769 770
f 770 769 764
f 764 770 765
f 765 770 764
f 766 771 772
f 772 771 766
f 766 772 767
f 767 772 766
f 767 772 773
f 773 772 767
f 767 773 768
f 768 773 767
f 768 773 774
f 774 773 768
f 768 774 769
f 769 774 768
f 769 774 775
f 775 774 769
f 769 775 770
f 770 775 769
f 771 776 777
f 777 776 771
f 771 777 772
f 772 777 771
f 772 777 778
f 778 777 772
f 772 778 773
f 773 778 772
f 773 778 779
f 779 778 773
f 773 779 774
f 774 779 773
f 774 779 780
f 780 779 774
f 774 780 775
f 775 780 774
f 776 781 782
f 782 781 776
f 776 782 777
f 777 782 776
f 777 782 783
f 783 782 777
f 777 783 778
f 778 783 777
f 778 783 784
f 784 783 778
f 778 784 779
f 779 784 778
f 779 784 785
f 785 784 779
f 779 785 780
f 780 785 779
f 781 786 787
f 787 786 781
f 781 787 782
f 782 787 781
f 782 787 788
f 788 787 782
f 782 788 783
f 783 788 782
f 783 788 789
f 789 788 783
f 783 789 784
f 784 789 783
f 784 789 790
f 790 789 784
f 784 790 785
f 785 790 784
f 786 791 792
f 792 791 786
f 786 792 787
f 787 792 786
f 787 792 793
f 793 792 787
f 787 793 788
f 788 793 787
f 788 793 794
f 794 793 788
f 788 794 789
f 789 794 788
f 789 794 795
f 795 794 789
f 789 795 790
f 790 795 789
f 791 796 797
f 797 796 791
f 791 797 792
f 792 797 791
f 792 797 798
f 798 797 792
f 792 798 793
f 793 798 792
f 793 798 799
f 799 798 793
f 793 799 794
f 794 799 793
f 794 799 800
f 800 799 794
f 794 800 795
f 795 800 794
f 796 801 802
f 802 801 796
f 796 802 797
f 797 802 796
f 797 802 803
f 803 802 797
f 797 803 798
f 798 803 797
f 798 803 804
f 804 803 798
f 798 804 799
f 799 804 798
f 799 804 805
f 805 804 799
f 799 805 800
f 800 805 799
f 801 806 807
f 807 806 801
f 801 807 802
f 802 807 801
f 802 807 808
f 808 807 802
f 802 808 803
f 803 808 802
f 803 808 809
f 809 808 803
f 803 809 804
f 804 809 803
f 804 809 810
f 810 809 804
f 804 810 805
f 805 810 804
f 806 811 812
f 812 811 806
f 806 812 807
f 807 812 806
f 807 812 813
f 813 812 807
f 807 813 808
f 808 813 807
f 808 813 814
f 814 813 808
f 808 814 809
f 809 814 808
f 809 814 815
f 815 814 809
f 809 815 810
f 810 815 809
f 811 816 817
f 817 816 811
f 811 817 812
f 812 817 811
f 812 817 818
f 818 817 812
f 812 818 813
f 813 818 812
f 813 818 819
f 819 818 813
f 813 819 814
f 814 819 813
f 814 819 820
f 820 819 814
f 814 820 815
f 815 820 814
f 816 821 822
f 822 821 816
f 816 822 817
f 817 822 816
f 817 822 823
f 823 822 817
f 817 823 818
f 818 823 817
f 818 823 824
f 824 823 818
f 818 824 819
f 819 824 818
f 819 824 825
f 825 824 819
f 819 825 820
f 820 825 819
f 821 826 827
f 827 826 821
f 821 827 822
f 822 827 821
f 822 827 828
f 828 827 822
f 822 828 823
f 823 828 822
f 823 828 829
f 829 828 823
f 823 829 824
f 824 829 823
f 824 829 830
f 830 829 824
f 824 830 825
f 825 830 824
f 826 831 832
f 832 831 826
f 826 832 827
f 827 832 826
f 827 832 833
f 833 832 827
f 827 833 828
f 828 833 827
f 828 833 834
f 834 833 828
f 828 834 829
f 829 834 828
f 829 834 835
f 835 834 829
f 829 835 830
f 830 835 829
f 831 836 837
f 837 836 831
f 831 837 832
f 832 837 831
f 832 837 838
f 838 837 832
f 832 838 833
f 833 838 832
f 833 838 839
f 839 838 833
f 833 839 834
f 834 839 833
f 834 839 840
f 840 839 834
f 834 840 835
f 835 840 834
f 836 841 842
f 842 841 836
f 836 842 837
f 837 842 836
f 837 842 843
f 843 842 837
f 837 843 838
f 838 843 837
f 838 843 844
f 844 843 838
f 838 844 839
f 839 844 838
f 839 844 845
f 845 844 839
f 839 845 840
f 840 845 839
f 841 846 847
f 847 846 841
f 841 847 842
f 842 847 841
f 842 847 848
f 848 847 842
f 842 848 843
f 843 848 842
f 843 848 849
f 849 848 843
f 843 849 844
f 844 849 843
f 844 849 850
f 850 849 844
f 844 850 845
f 845 850 844
f 846 851 852
f 852 851 846
f 846 852 847
f 847 852 846
f 847 852 853
f 853 852 847
f 847 853 848
f 848 853 847
f 848 853 854
f 854 853 848
f 848 854 849
f 849 854 848
f 849 854 855
f 855 854 849
f 849 855 850
f 850 855 849
f 851 856 857
f 857 856 851
f 851 857 852
f 852 857 851
f 852 857 858
f 858 857 852
f 852 858 853
f 853 858 852
f 853 858 859
f 859 858 853
f 853 859 854
f 854 859 853
f 854 859 860
f 860 859 854
f 854 860 855
f 855 860 854
f 856 861 862
f 862 861 856
f 856 862 857
f 857 862 856
f 857 862 863
f 863 862 857
f 857 863 858
f 858 863 857
f 858 863 864
f 864 863 858
f 858 864 859
f 859 864 858
f 859 864 865
f 865 864 859
f 859 865 860
f 860 865 859
f 861 866 867
f 867 866 861
f 861 867 862
f 862 867 861
f 862 867 868
f 868 867 862
f 862 868 863
f 863 868 862
f 863 868 869
f 869 868 863
f 863 869 864
f 864 869 863
f 864 869 870
f 870 869 864
f 864 870 865
f 865 870 864
f 871 876 877
f 877 876 871
f 871 877 872
f 872 877 871
f 872 877 878
f 878 877 872
f 872 878 873
f 873 878 872
f 873 878 879
f 879 878 873
f 873 879 874
f 874 879 873
f 874 879 880
f 880 879 874
f 874 880 875
f 875 880 874
f 876 881 882
f 882 881 876
f 876 882 877
f 877 882 876
f 877 882 883
f 883 882 877
f 877 883 878
f 878 883 877
f 878 883 884
f 884 883 878
f 878 884 879
f 879 884 878
f 879 884 885
f 885 884 879
f 879 885 880
f 880 885 879
f 881 886 887
f 887 886 881
f 881 887 882
f 882 887 881
f 882 887 888
f 888 887 882
f 882 888 883
f 883 888 882
f 883 888 889
f 889 888 883
f 883 889 884
f 884 889 883
f 884 889 890
f 890 889 884
f 884 890 885
f 885 890 884
f 886 891 892
f 892 891 886
f 886 892 887
f 887 892 886
f 887 892 893
f 893 892 887
f 887 893 888
f 888 893 887
f 888 893 894
f 894 893 888
f 888 894 889
f 889 894 888
f 889 894 895
f 895 894 889
f 889 895 890
f 890 895 889
f 891 896 897
f 897 896 891
f 891 897 892
f 892 897 891
f 892 897 898
f 898 897 892
f 892 898 893
f 893 898 892
f 893 898 899
f 899 898 893
f 893 899 894
f 894 899 893
f 894 899 900
f 900 899 894
f 894 900 895
f 895 900 894
f 896 901 902
f 902 901 896
f 896 902 897
f 897 902 896
f 897 902 903
f 903 902 897
f 897 903 898
f 898 903 897
f 898 903 904
f 904 903 898
f 898 904 899
f 899 904 898
f 899 904 905
f 905 904 899
f 899 905 900
f 900 905 899
f 901 906 907
f 907 906 901
f 901 907 902
f 902 907 901
f 902 907 908
f 908 907 902
f 902 908 903
f 903 908 902
f 903 908 909
f 909 908 903
f 903 909 904
f 904 909 903
f 904 909 910
f 910 909 904
f 904 910 905
f 905 910 904
f 906 911 912
f 912 911 906
f 906 912 907
f 907 912 906
f 907 912 913
f 913 912 907
f 907 913 908
f 908 913 907
f 908 913 914
f 914 913 908
f 908 914 909
f 909 914 908
f 909 914 915
f 915 914 909
f 909 915 910
f 910 915 909
f 911 916 917
f 917 916 911
f 911 917 912
f 912 917 911
f 912 917 918
f 918 917 912
f 912 918 913
f 913 918 912
f 913 918 919
f 919 918 913
f 913 919 914
f 914 919 913
f 914 919 920
f 920 919 914
f 914 920 915
f 915 920 914
f 916 921 922
f 922 921 916
f 916 922 917
f 917 922 916
f 917 922 923
f 923 922 917
f 917 923 918
f 918 923 917
f 918 923 924
f 924 923 918
f 918 924 919
f 919 924 918
f 919 924 925
f 925 924 919
f 919 925 920
f 920 925 919
f 921 926 927
f 927 926 921
f 921 927 922
f 922 927 921
f 922 927 928
f 928 927 922
f 922 928 923
f 923 928 922
f 923 928 929
f 929 928 923
f 923 929 924
f 924 929 923
f 924 929 930
f 930 929 924
f 924 930 925
f 925 930 924
f 926 931 932
f 932 931 926
f 926 932 927
f 927 932 926
f 927 932 933
f 933 932 927
f 927 933 928
f 928 933 927
f 928 933 934
f 934 933 928
f 928 934 929
f 929 934 928
f 929 934 935
f 935 934 929
f 929 935 930
f 930 935 929
f 931 936 937
f 937 936 931
f 931 937 932
f 932 937 931
f 932 937 938
f 938 937 932
f 932 938 933
f 933 938 932
f 933 938 939
f 939 938 933
f 933 939 934
f 934 939 933
f 934 939 940
f 940 939 934
f 934 940 935
f 935 940 934
f 936 941 942
f 942 941 936
f 936 942 937
f 937 942 936
f 937 942 943
f 943 942 937
f 937 943 938
f 938 943 937
f 938 943 944
f 944 943 938
f 938 944 939
f 939 944 938
f 939 944 945
f 945 944 939
f 939 945 940
f 940 945 939
f 941 946 947
f 947 946 941
f 941 947 942
f 942 947 941
f 942 947 948
f 948 947 942
f 942 948 943
f 943 948 942
f 943 948 949
f 949 948 943
f 943 949 944
f 944 949 943
f 944 949 950
f 950 949 944
f 944 950 945
f 945 950 944
f 946 951 952
f 952 951 946
f 946 952 947
f 947 952 946
f 947 952 953
f 953 952 947
f 947 953 948
f 948 953 947
f 948 953 954
f 954 953 948
f 948 954 949
f 949 954 948
f 949 954 955
f 955 954 949
f 949 955 950
f 950 955 949
f 951 956 957
f 957 956 951
f 951 957 952
f 952 957 951
f 952 957 958
f 958 957 952
f 952 958 953
f 953 958 952
f 953 958 959
f 959 958 953
f 953 959 954
f 954 959 953
f 954 959 960
f 960 959 954
f 954 960 955
f 955 960 954
f 956 961 962
f 962 961 956
f 956 962 957
f 957 962 956
f 957 962 963
f 963 962 957
f 957 963 958
f 958 963 957
f 958 963 964
f 964 963 958
f 958 964 959
f 959 964 958
f 959 964 965
f 965 964 959
f 959 965 960
f 960 965 959
f 961 966 967
f 967 966 961
f 961 967 962
f 962 967 961
f 962 967 968
f 968 967 962
f 962 968 963
f 963 968 962
f 963 968 969
f 969 968 963
f 963 969 964
f 964 969 963
f 964 969 970
f 970 969 964
f 964 970 965
f 965 970 964
f 966 971 972
f 972 971 966
f 966 972 967
f 967 972 966
f 967 972 973
f 973 972 967
f 967 973 968
f 968 973 967
f 968 973 974
f 974 973 968
f 968 974 969
f 969 974 968
f 969 974 975
f 975 974 969
f 969 975 970
f 970 975 969
f 971 976 977
f 977 976 971
f 971 977 972
f 972 977 971
f 972 977 978
f 978 977 972
f 972 978 973
f 973 978 972
f 973 978 979
f 979 978 973
f 973 979 974
f 974 979 973
f 974 979 980
f 980 979 974
f 974 980 975
f 975 980 974
f 976 981 982
f 982 981 976
f 976 982 977
f 977 982 976
f 977 982 983
f 983 982 977
f 977 983 978
f 978 983 977
f 978 983 984
f 984 983 978
f 978 984 979
f 979 984 978
f 979 984 985
f 985 984 979
f 979 985 980
f 980 985 979
f 981 986 987
f 987 986 981
f 981 987 982
f 982 987 981
f 982 987 988
f 988 987 982
f 982 988 983
f 983 988 982
f 983 988 989
f 989 988 983
f 983 989 984
f 984 989 983
f 984 989 990
f 990 989 984
f 984 990 985
f 985 990 984
f 986 991 992
f 992 991 986
f 986 992 987
f 987 992 986
f 987 992 993
f 993 992 987
f 987 993 988
f 988 993 987
f 988 993 994
f 994 993 988
f 988 994 989
f 989 994 988
f 989 994 995
f 995 994 989
f 989 995 990
f 990 995 989
f 991 996 997
f 997 996 991
f 991 997 992
f 992 997 991
f 992 997 998
f 998 997 992
f 992 998 993
f 993 998 992
f 993 998 999
f 999 998 993
f 993 999 994
f 994 999 993
f 994 999 1000
f 1000 999 994
f 994 1000 995
f 995 1000 994
f 996 1001 1002
f 1002 1001 996
f 996 1002 997
f 997 1002 996
f 997 1002 1003
f 1003 1002 997
f 997 1003 998
f 998 1003 997
f 998 1003 1004
f 1004 1003 998
f 998 1004 999
f 999 1004 998
f 999 1004 1005
f 1005 1004 999
f 999 1005 1000
f 1000 1005 999
f 1001 1006 1007
f 1007 1006 1001
f 1001 1007 1002
f 1002 1007 1001
f 1002 1007 1008
f 1008 1007 1002
f 1002 1008 1003
f 1003 1008 1002
f 1003 1008 1009
f 1009 1008 1003
f 1003 1009 1004
f 1004 1009 1003
f 1004 1009 1010
f 1010 1009 1004
f 1004 1010 1005
f 1005 1010 1004
f 1006 1011 1012
f 1012 1011 1006
f 1006 1012 1007
f 1007 1012 1006
f 1007 1012 1013
f 1013 1012 1007
f 1007 1013 1008
f 1008 1013 1007
f 1008 1013 1014
f 1014 1013 1008
f 1008 1014 1009
f 1009 1014 1008
f 1009 1014 1015
f 1015 1014 1009
f 1009 1015 1010
f 1010 1015 1009
f 1011 1016 1017
f 1017 1016 1011
f 1011 1017 1012
f 1012 1017 1011
f 1012 1017 1018
f 1018 1017 1012
f 1012 1018 1013
f 1013 1018 1012
f 1013 1018 1019
f 1019 1018 1013
f 1013 1019 1014
f 1014 1019 1013
f 1014 1019 1020
f 1020 1019 1014
f 1014 1020 1015
f 1015 1020 1014
f 1016 1021 1022
f 1022 1021 1016
f 1016 1022 1017
f 1017 1022 1016
f 1017 1022 1023
f 1023 1022 1017
f 1017 1023 1018
f 1018 1023 1017
f 1018 1023 1024
f 1024 1023 1018
f 1018 1024 1019
f 1019 1024 1018
f 1019 1024 1025
f 1025 1024 1019
f 1019 1025 1020
f 1020 1025 1019
f 1021 1026 1027
f 1027 1026 1021
f 1021 1027 1022
f 1022 1027 1021
f 1022 1027 1028
f 1028 1027 1022
f 1022 1028 1023
f 1023 1028 1022
f 1023 1028 1029
f 1029 1028 1023
f 1023 1029 1024
f 1024 1029 1023
f 1024 1029 1030
f 1030 1029 1024
f 1024 1030 1025
f 1025 1030 1024
f 1026 1031 1032
f 1032 1031 1026
f 1026 1032 1027
f 1027 1032 1026
f 1027 1032 1033
f 1033 1032 1027
f 1027 1033 1028
f 1028 1033 1027
f 1028 1033 1034
f 1034 1033 1028
f 1028 1034 1029
f 1029 1034 1028
f 1029 1034 1035
f 1035 1034 1029
f 1029 1035 1030
f 1030 1035 1029
f 1031 1036 1037
f 1037 1036 1031
f 1031 1037 1032
f 1032 1037 1031
f 1032 1037 1038
f 1038 1037 1032
f 1032 1038 1033
f 1033 1038 1032
f 1033 1038 1039
f 1039 1038 1033
f 1033 1039 1034
f 1034 1039 1033
f 1034 1039 1040
f 1040 1039 1034
f 1034 1040 1035
f 1035 1040 1034
f 1036 1041 1042
f 1042 1041 1036
f 1036 1042 1037
f 1037 1042 1036
f 1037 1042 1043
f 1043 1042 1037
f 1037 1043 1038
f 1038 1043 1037
f 1038 1043 1044
f 1044 1043 1038
f 1038 1044 1039
f 1039 1044 1038
f 1039 1044 1045
f 1045 1044 1039
f 1039 1045 1040
f 1040 1045 1039
f 1041 1046 1047
f 1047 1046 1041
f 1041 1047 1042
f 1042 1047 1041
f 1042 1047 1048
f 1048 1047 1042
f 1042 1048 1043
f 1043 1048 1042
f 1043 1048 1049
f 1049 1048 1043
f 1043 1049 1044
f 1044 1049 1043
f 1044 1049 1050
f 1050 1049 1044
f 1044 1050 1045
f 1045 1050 1044
f 1046 1051 1052
f 1052 1051 1046
f 1046 1052 1047
f 1047 1052 1046
f 1047 1052 1053
f 1053 1052 1047
f 1047 1053 1048
f 1048 1053 1047
f 1048 1053 1054
f 1054 1053 1048
f 1048 1054 1049
f 1049 1054 1048
f 1049 1054 1055
f 1055 1054 1049
f 1049 1055 1050
f 1050 1055 1049
f 1051 1056 1057
f 1057 1056 1051
f 1051 1057 1052
f 1052 1057 1051
f 1052 1057 1058
f 1058 1057 1052
f 1052 1058 1053
f 1053 1058 1052
f 1053 1058 1059
f 1059 1058 1053
f 1053 1059 1054
f 1054 1059 1053
f 1054 1059 1060
f 1060 1059 1054
f 1054 1060 1055
f 1055 1060 1054
f 1061 1066 1067
f 1067 1066 1061
f 1061 1067 1062
f 1062 1067 1061
f 1062 1067 1068
f 1068 1067 1062
f 1062 1068 1063
f 1063 1068 1062
f 1063 1068 1069
f 1069 1068 1063
f 1063 1069 1064
f 1064 1069 1063
f 1064 1069 1070
f 1070 1069 1064
f 1064 1070 1065
f 1065 1070 1064
f 1066 1071 1072
f 1072 1071 1066
f 1066 1072 1067
f 1067 1072 1066
f 1067 1072 1073
f 1073 1072 1067
f 1067 1073 1068
f 1068 1073 1067
f 1068 1073 1074
f 1074 1073 1068
f 1068 1074 1069
f 1069 1074 1068
f 1069 1074 1075
f 1075 1074 1069
f 1069 1075 1070
f 1070 1075 1069
f 1071 1076 1077
f 1077 1076 1071
f 1071 1077 1072
f 1072 1077 1071
f 1072 1077 1078
f 1078 1077 1072
f 1072 1078 1073
f 1073 1078 1072
f 1073 1078 1079
f 1079 1078 1073
f 1073 1079 1074
f 1074 1079 1073
f 1074 1079 1080
f 1080 1079 1074
f 1074 1080 1075
f 1075 1080 1074
f 1076 1081 1082
f 1082 1081 1076
f 1076 1082 1077
f 1077 1082 1076
f 1077 1082 1083
f 1083 1082 1077
f 1077 1083 1078
f 1078 1083 1077
f 1078 1083 1084
f 1084 1083 1078
f 1078 1084 1079
f 1079 1084 1078
f 1079 1084 1085
f 1085 1084 1079
f 1079 1085 1080
f 1080 1085 1079
f 1081 1086 1087
f 1087 1086 1081
f 1081 1087 1082
f 1082 1087 1081
f 1082 1087 1088
f 1088 1087 1082
f 1082 1088 1083
f 1083 1088 1082
f 1083 1088 1089
f 1089 1088 1083
f 1083 1089 1084
f 1084 1089 1083
f 1084 1089 1090
f 1090 1089 1084
f 1084 1090 1085
f 1085 1090 1084
f 1086 1091 1092
f 1092 1091 1086
f 1086 1092 1087
f 1087 1092 1086
f 1087 1092 1093
f 1093 1092 1087
f 1087 1093 1088
f 1088 1093 1087
f 1088 1093 1094
f 1094 1093 1088
f 1088 1094 1089
f 1089 1094 1088
f 1089 1094 1095
f 1095 1094 1089
f 1089 1095 1090
f 1090 1095 1089
f 1091 1096 1097
f 1097 1096 1091
f 1091 1097 1092
f 1092 1097 1091
f 1092 1097 1098
f 1098 1097 1092
f 1092 1098 1093
f 1093 1098 1092
f 1093 1098 1099
f 1099 1098 1093
f 1093 1099 1094
f 1094 1099 1093
f 1094 1099 1100
f 1100 1099 1094
f 1094 1100 1095
f 1095 1100 1094
f 1096 1101 1102
f 1102 1101 1096
f 1096 1102 1097
f 1097 1102 1096
f 1097 1102 1103
f 1103 1102 1097
f 1097 1103 1098
f 1098 1103 1097
f 1098 1103 1104
f 1104 1103 1098
f 1098 1104 1099
f 1099 1104 1098
f 1099 1104 1105
f 1105 1104 1099
f 1099 1105 1100
f 1100 1105 1099
f 1101 1106 1107
f 1107 1106 1101
f 1101 1107 1102
f 1102 1107 1101
f 1102 1107 1108
f 1108 1107 1102
f 1102 1108 1103
f 1103 1108 1102
f 1103 1108 1109
f 1109 1108 1103
f 1103 1109 1104
f 1104 1109 1103
f 1104 1109 1110
f 1110 1109 1104
f 1104 1110 1105
f 1105 1110 1104
f 1106 1111 1112
f 1112 1111 1106
f 1106 1112 1107
f 1107 1112 1106
f 1107 1112 1113
f 1113 1112 1107
f 1107 1113 1108
f 1108 1113 1107
f 1108 1113 1114
f 1114 1113 1108
f 1108 1114 1109
f 1109 1114 1108
f 1109 1114 1115
f 1115 1114 1109
f 1109 1115 1110
f 1110 1115 1109
f 1111 1116 1117
f 1117 1116 1111
f 1111 1117 1112
f 1112 1117 1111
f 1112 1117 1118
f 1118 1117 1112
f 1112 1118 1113
f 1113 1118 1112
f 1113 1118 1119
f 1119 1118 1113
f 1113 1119 1114
f 1114 1119 1113
f 1114 1119 1120
f 1120 1119 1114
f 1114 1120 1115
f 1115 1120 1114
f 1116 1121 1122
f 1122 1121 1116
f 1116 1122 1117
f 1117 1122 1116
f 1117 1122 1123
f 1123 1122 1117
f 1117 1123 1118
f 1118 1123 1117
f 1118 1123 1124
f 1124 1123 1118
f 1118 1124 1119
f 1119 1124 1118
f 1119 1124 1125
f 1125 1124 1119
f 1119 1125 1120
f 1120 1125 1119
f 1121 1126 1127
f 1127 1126 1121
f 1121 1127 1122
f 1122 1127 1121
f 1122 1127 1128
f 1128 1127 1122
f 1122 1128 1123
f 1123 1128 1122
f 1123 1128 1129
f 1129 1128 1123
f 1123 1129 1124
f 1124 1129 1123
f 1124 1129 1130
f 1130 1129 1124
f 1124 1130 1125
f 1125 1130 1124
f 1126 1131 1132
f 1132 1131 1126
f 1126 1132 1127
f 1127 1132 1126
f 1127 1132 1133
f 1133 1132 1127
f 1127 1133 1128
f 1128 1133 1127
f 1128 1133 1134
f 1134 1133 1128
f 1128 1134 1129
f 1129 1134 1128
f 1129 1134 1135
f 1135 1134 1129
f 1129 1135 1130
f 1130 1135 1129
f 1131 1136 1137
f 1137 1136 1131
f 1131 1137 1132
f 1132 1137 1131
f 1132 1137 1138
f 1138 1137 1132
f 1132 1138 1133
f 1133 1138 1132
f 1133 1138 1139
f 1139 1138 1133
f 1133 1139 1134
f 1134 1139 1133
f 1134 1139 1140
f 1140 1139 1134
f 1134 1140 1135
f 1135 1140 1134
f 1136 1141 1142
f 1142 1141 1136
f 1136 1142 1137
f 1137 1142 1136
f 1137 1142 1143
f 1143 1142 1137
f 1137 1143 1138
f 1138 1143 1137
f 1138 1143 1144
f 1144 1143 1138
f 1138 1144 1139
f 1139 1144 1138
f 1139 1144 1145
f 1145 1144 1139
f 1139 1145 1140
f 1140 1145 1139
f 1141 1146 1147
f 1147 1146 1141
f 1141 1147 1142
f 1142 1147 1141
f 1142 1147 1148
f 1148 1147 1142
f 1142 1148 1143
f 1143 1148 1142
f 1143 1148 1149
f 1149 1148 1143
f 1143 1149 1144
f 1144 1149 1143
f 1144 1149 1150
f 1150 1149 1144
f 1144 1150 1145
f 1145 1150 1144
f 1146 1151 1152
f 1152 1151 1146
f 1146 1152 1147
f 1147 1152 1146
f 1147 1152 1153
f 1153 1152 1147
f 1147 1153 1148
f 1148 1153 1147
f 1148 1153 1154
f 1154 1153 1148
f 1148 1154 1149
f 1149 1154 1148
f 1149 1154 1155
f 1155 1154 1149
f 1149 1155 1150
f 1150 1155 1149
f 1151 1156 1157
f 1157 1156 1151
f 1151 1157 1152
f 1152 1157 1151
f 1152 1157 1158
f 1158 1157 1152
f 1152 1158 1153
f 1153 1158 1152
f 1153 1158 1159
f 1159 1158 1153
f 1153 1159 1154
f 1154 1159 1153
f 1154 1159 1160
f 1160 1159 1154
f 1154 1160 1155
f 1155 1160 1154
f 1156 1161 1162
f 1162 1161 1156
f 1156 1162 1157
f 1157 1162 1156
f 1157 1162 1163
f 1163 1162 1157
f 1157 1163 1158
f 1158 1163 1157
f 1158 1163 1164
f 1164 1163 1158
f 1158 1164 1159
f 1159 1164 1158
f 1159 1164 1165
f 1165 1164 1159
f 1159 1165 1160
f 1160 1165 1159
f 1161 1166 1167
f 1167 1166 1161
f 1161 1167 1162
f 1162 1167 1161
f 1162 1167 1168
f 1168 1167 1162
f 1162 1168 1163
f 1163 1168 1162
f 1163 1168 1169
f 1169 1168 1163
f 1163 1169 1164
f 1164 1169 1163
f 1164 1169 1170
f 1170 1169 1164
f 1164 1170 1165
f 1165 1170 1164
f 1166 1171 1172
f 1172 1171 1166
f 1166 1172 1167
f 1167 1172 1166
f 1167 1172 1173
f 1173 1172 1167
f 1167 1173 1168
f 1168 1173 1167
f 1168 1173 1174
f 1174 1173 1168
f 1168 1174 1169
f 1169 1174 1168
f 1169 1174 1175
f 1175 1174 1169
f 1169 1175 1170
f 1170 1175 1169
f 1171 1176 1177
f 1177 1176 1171
f 1171 1177 1172
f 1172 1177 1171
f 1172 1177 1178
f 1178 1177 1172
f 1172 1178 1173
f 1173 1178 1172
f 1173 1178 1179
f 1179 1178 1173
f 1173 1179 1174
f 1174 1179 1173
f 1174 1179 1180
f 1180 1179 1174
f 1174 1180 1175
f 1175 1180 1174
f 1176 1181 1182
f 1182 1181 1176
f 1176 1182 1177
f 1177 1182 1176
f 1177 1182 1183
f 1183 1182 1177
f 1177 1183 1178
f 1178 1183 1177
f 1178 1183 1184
f 1184 1183 1178
f 1178 1184 1179
f 1179 1184 1178
f 1179 1184 1185
f 1185 1184 1179
f 1179 1185 1180
f 1180 1185 1179
f 1181 1186 1187
f 1187 1186 1181
f 1181 1187 1182
f 1182 1187 1181
f 1182 1187 1188
f 1188 1187 1182
f 1182 1188 1183
f 1183 1188 1182
f 1183 1188 1189
f 1189 1188 1183
f 1183 1189 1184
f 1184 1189 1183
f 1184 1189 1190
f 1190 1189 1184
f 1184 1190 1185
f 1185 1190 1184
f 1186 1191 1192
f 1192 1191 1186
f 1186 1192 1187
f 1187 1192 1186
f 1187 1192 1193
f 1193 1192 1187
f 1187 1193 1188
f 1188 1193 1187
f 1188 1193 1194
f 1194 1193 1188
f 1188 1194 1189
f 1189 1194 1188
f 1189 1194 1195
f 1195 1194 1189
f 1189 1195 1190
f 1190 1195 1189
f 1191 1196 1197
f 1197 1196 1191
f 1191 1197 1192
f 1192 1197 1191
f 1192 1197 1198
f 1198 1197 1192
f 1192 1198 1193
f 1193 1198 1192
f 1193 1198 1199
f 1199 1198 1193
f 1193 1199 1194
f 1194 1199 1193
f 1194 1199 1200
f 1200 1199 1194
f 1194 1200 1195
f 1195 1200 1194
f 1196 1201 1202
f 1202 1201 1196
f 1196 1202 1197
f 1197 1202 1196
f 1197 1202 1203
f 1203 1202 1197
f 1197 1203 1198
f 1198 1203 1197
f 1198 1203 1204
f 1204 1203 1198
f 1198 1204 1199
f 1199 1204 1198
f 1199 1204 1205
f 1205 1204 1199
f 1199 1205 1200
f 1200 1205 1199
f 1201 1206 1207
f 1207 1206 1201
f 1201 1207 1202
f 1202 1207 1201
f 1202 1207 1208
f 1208 1207 1202
f 1202 1208 1203
f 1203 1208 1202
f 1203 1208 1209
f 1209 1208 1203
f 1203 1209 1204
f 1204 1209 1203
f 1204 1209 1210
f 1210 1209 1204
f 1204 1210 1205
f 1205 1210 1204
f 1206 1211 1212
f 1212 1211 1206
f 1206 1212 1207
f 1207 1212 1206
f 1207 1212 1213
f 1213 1212 1207
f 1207 1213 1208
f 1208 1213 1207
f 1208 1213 1214
f 1214 1213 1208
f 1208 1214 1209
f 1209 1214 1208
f 1209 1214 1215
f 1215 1214 1209
f 1209 1215 1210
f 1210 1215 1209
f 1211 1216 1217
f 1217 1216 1211
f 1211 1217 1212
f 1212 1217 1211
f 1212 1217 1218
f 1218 1217 1212
f 1212 1218 1213
f 1213 1218 1212
f 1213 1218 1219
f 1219 1218 1213
f 1213 1219 1214
f 1214 1219 1213
f 1214 1219 1220
f 1220 1219 1214
f 1214 1220 1215
f 1215 1220 1214
f 1216 1221 1222
f 1222 1221 1216
f 1216 1222 1217
f 1217 1222 1216
f 1217 1222 1223
f 1223 1222 1217
f 1217 1223 1218
f 1218 1223 1217
f 1218 1223 1224
f 1224 1223 1218
f 1218 1224 1219
f 1219 1224 1218
f 1219 1224 1225
f 1225 1224 1219
f 1219 1225 1220
f 1220 1225 1219
f 1221 1226 1227
f 1227 1226 1221
f 1221 1227 1222
f 1222 1227 1221
f 1222 1227 1228
f 1228 1227 1222
f 1222 1228 1223
f 1223 1228 1222
f 1223 1228 1229
f 1229 1228 1223
f 1223 1229 1224
f 1224 1229 1223
f 1224 1229 1230
f 1230 1229 1224
f 1224 1230 1225
f 1225 1230 1224
f 1226 1231 1232
f 1232 1231 1226
f 1226 1232 1227
f 1227 1232 1226
f 1227 1232 1233
f 1233 1232 1227
f 1227 1233 1228
f 1228 1233 1227
f 1228 1233 1234
f 1234 1233 1228
f 1228 1234 1229
f 1229 1234 1228
f 1229 1234 1235
f 1235 1234 1229
f 1229 1235 1230
f 1230 1235 1229
f 1231 1236 1237
f 1237 1236 1231
f 1231 1237 1232
f 1232 1237 1231
f 1232 1237 1238
f 1238 1237 1232
f 1232 1238 1233
f 1233 1238 1232
f 1233 1238 1239
f 1239 1238 1233
f 1233 1239 1234
f 1234 1239 1233
f 1234 1239 1240
f 1240 1239 1234
f 1234 1240 1235
f 1235 1240 1234
f 1236 1241 1242
f 1242 1241 1236
f 1236 1242 1237
f 1237 1242 1236
f 1237 1242 1243
f 1243 1242 1237
f 1237 1243 1238
f 1238 1243 1237
f 1238 1243 1244
f 1244 1243 1238
f 1238 1244 1239
f 1239 1244 1238
f 1239 1244 1245
f 1245 1244 1239
f 1239 1245 1240
f 1240 1245 1239
f 1241 1246 1247
f 1247 1246 1241
f 1241 1247 1242
f 1242 1247 1241
f 1242 1247 1248
f 1248 1247 1242
f 1242 1248 1243
f 1243 1248 1242
f 1243 1248 1249
f 1249 1248 1243
f 1243 1249 1244
f 1244 1249 1243
f 1244 1249 1250
f 1250 1249 1244
f 1244 1250 1245
f 1245 1250 1244
f 1251 1256 1257
f 1257 1256 1251
f 1251 1257 1252
f 1252 1257 1251
f 1252 1257 1258
f 1258 1257 1252
f 1252 1258 1253
f 1253 1258 1252
f 1253 1258 1259
f 1259 1258 1253
f 1253 1259 1254
f 1254 1259 1253
f 1254 1259 1260
f 1260 1259 1254
f 1254 1260 1255
f 1255 1260 1254
f 1256 1261 1262
f 1262 1261 1256
f 1256 1262 1257
f 1257 1262 1256
f 1257 1262 1263
f 1263 1262 1257
f 1257 1263 1258
f 1258 1263 1257
f 1258 1263 1264
f 1264 1263 1258
f 1258 1264 1259
f 1259 1264 1258
f 1259 1264 1265
f 1265 1264 1259
f 1259 1265 1260
f 1260 1265 1259
f 1261 1266 1267
f 1267 1266 1261
f 1261 1267 1262
f 1262 1267 1261
f 1262 1267 1268
f 1268 1267 1262
f 1262 1268 1263
f 1263 1268 1262
f 1263 1268 1269
f 1269 1268 1263
f 1263 1269 1264
f 1264 1269 1263
f 1264 1269 1270
f 1270 1269 1264
f 1264 1270 1265
f 1265 1270 1264
f 1266 1271 1272
f 1272 1271 1266
f 1266 1272 1267
f 1267 1272 1266
f 1267 1272 1273
f 1273 1272 1267
f 1267 1273 1268
f 1268 1273 1267
f 1268 1273 1274
f 1274 1273 1268
f 1268 1274 1269
f 1269 1274 1268
f 1269 1274 1275
f 1275 1274 1269
f 1269 1275 1270
f 1270 1275 1269
f 1271 1276 1277
f 1277 1276 1271
f 1271 1277 1272
f 1272 1277 1271
f 1272 1277 1278
f 1278 1277 1272
f 1272 1278 1273
f 1273 1278 1272
f 1273 1278 1279
f 1279 1278 1273
f 1273 1279 1274
f 1274 1279 1273
f 1274 1279 1280
f 1280 1279 1274
f 1274 1280 1275
f 1275 1280 1274
f 1276 1281 1282
f 1282 1281 1276
f 1276 1282 1277
f 1277 1282 1276
f 1277 1282 1283
f 1283 1282 1277
f 1277 1283 1278
f 1278 1283 1277
f 1278 1283 1284
f 1284 1283 1278
f 1278 1284 1279
f 1279 1284 1278
f 1279 1284 1285
f 1285 1284 1279
f 1279 1285 1280
f 1280 1285 1279
f 1281 1286 1287
f 1287 1286 1281
f 1281 1287 1282
f 1282 1287 1281
f 1282 1287 1288
f 1288 1287 1282
f 1282 1288 1283
f 1283 1288 1282
f 1283 1288 1289
f 1289 1288 1283
f 1283 1289 1284
f 1284 1289 1283
f 1284 1289 1290
f 1290 1289 1284
f 1284 1290 1285
f 1285 1290 1284
f 1286 1291 1292
f 1292 1291 1286
f 1286 1292 1287
f 1287 1292 1286
f 1287 1292 1293
f 1293 1292 1287
f 1287 1293 1288
f 1288 1293 1287
f 1288 1293 1294
f 1294 1293 1288
f 1288 1294 1289
f 1289 1294 1288
f 1289 1294 1295
f 1295 1294 1289
f 1289 1295 1290
f 1290 1295 1289
f 1291 1296 1297
f 1297 1296 1291
f 1291 1297 1292
f 1292 1297 1291
f 1292 1297 1298
f 1298 1297 1292
f 1292 1298 1293
f 1293 1298 1292
f 1293 1298 1299
f 1299 1298 1293
f 1293 1299 1294
f 1294 1299 1293
f 1294 1299 1300
f 1300 1299 1294
f 1294 1300 1295
f 1295 1300 1294
f 1296 1301 1302
f 1302 1301 1296
f 1296 1302 1297
f 1297 1302 1296
f 1297 1302 1303
f 1303 1302 1297
f 1297 1303 1298
f 1298 1303 1297
f 1298 1303 1304
f 1304 1303 1298
f 1298 1304 1299
f 1299 1304 1298
f 1299 1304 1305
f 1305 1304 1299
f 1299 1305 1300
f 1300 1305 1299
f 1301 1306 1307
f 1307 1306 1301
f 1301 1307 1302
f 1302 1307 1301
f 1302 1307 1308
f 1308 1307 1302
f 1302 1308 1303
f 1303 1308 1302
f 1303 1308 1309
f 1309 1308 1303
f 1303 1309 1304
f 1304 1309 1303
f 1304 1309 1310
f 1310 1309 1304
f 1304 1310 1305
f 1305 1310 1304
f 1306 1311 1312
f 1312 1311 1306
f 1306 1312 1307
f 1307 1312 1306
f 1307 1312 1313
f 1313 1312 1307
f 1307 1313 1308
f 1308 1313 1307
f 1308 1313 1314
f 1314 1313 1308
f 1308 1314 1309
f 1309 1314 1308
f 1309 1314 1315
f 1315 1314 1309
f 1309 1315 1310
f 1310 1315 1309
f 1311 1316 1317
f 1317 1316 1311
f 1311 1317 1312
f 1312 1317 1311
f 1312 1317 1318
f 1318 1317 1312
f 1312 1318 1313
f 1313 1318 1312
f 1313 1318 1319
f 1319 1318 1313
f 1313 1319 1314
f 1314 1319 1313
f 1314 1319 1320
f 1320 1319 1314
f 1314 1320 1315
f 1315 1320 1314
f 1316 1321 1322
f 1322 1321 1316
f 1316 1322 1317
f 1317 1322 1316
f 1317 1322 1323
f 1323 1322 1317
f 1317 1323 1318
f 1318 1323 1317
f 1318 1323 1324
f 1324 1323 1318
f 1318 1324 1319
f 1319 1324 1318
f 1319 1324 1325
f 1325 1324 1319
f 1319 1325 1320
f 1320 1325 1319
f 1321 1326 1327
f 1327 1326 1321
f 1321 1327 1322
f 1322 1327 1321
f 1322 1327 1328
f 1328 1327 1322
f 1322 1328 1323
f 1323 1328 1322
f 1323 1328 1329
f 1329 1328 1323
f 1323 1329 1324
f 1324 1329 1323
f 1324 1329 1330
f 1330 1329 1324
f 1324 1330 1325
f 1325 1330 1324
f 1326 1331 1332
f 1332 1331 1326
f 1326 1332 1327
f 1327 1332 1326
f 1327 1332 1333
f 1333 1332 1327
f 1327 1333 1328
f 1328 1333 1327
f 1328 1333 1334
f 1334 1333 1328
f 1328 1334 1329
f 1329 1334 1328
f 1329 1334 1335
f 1335 1334 1329
f 1329 1335 1330
f 1330 1335 1329
f 1331 1336 1337
f 1337 1336 1331
f 1331 1337 1332
f 1332 1337 1331
f 1332 1337 1338
f 1338 1337 1332
f 1332 1338 1333
f 1333 1338 1332
f 1333 1338 1339
f 1339 1338 1333
f 1333 1339 1334
f 1334 1339 1333
f 1334 1339 1340
f 1340 1339 1334
f 1334 1340 1335
f 1335 1340 1334
f 1336 1341 1342
f 1342 1341 1336
f 1336 1342 1337
f 1337 1342 1336
f 1337 1342 1343
f 1343 1342 1337
f 1337 1343 1338
f 1338 1343 1337
f 1338 1343 1344
f 1344 1343 1338
f 1338 1344 1339
f 1339 1344 1338
f 1339 1344 1345
f 1345 1344 1339
f 1339 1345 1340
f 1340 1345 1339
f 1341 1346 1347
f 1347 1346 1341
f 1341 1347 1342
f 1342 1347 1341
f 1342 1347 1348
f 1348 1347 1342
f 1342 1348 1343
f 1343 1348 1342
f 1343 1348 1349
f 1349 1348 1343
f 1343 1349 1344
f 1344 1349 1343
f 1344 1349 1350
f 1350 1349 1344
f 1344 1350 1345
f 1345 1350 1344
f 1346 1351 1352
f 1352 1351 1346
f 1346 1352 1347
f 1347 1352 1346
f 1347 1352 1353
f 1353 1352 1347
f 1347 1353 1348
f 1348 1353 1347
f 1348 1353 1354
f 1354 1353 1348
f 1348 1354 1349
f 1349 1354 1348
f 1349 1354 1355
f 1355 1354 1349
f 1349 1355 1350
f 1350 1355 1349
f 1351 1356 1357
f 1357 1356 1351
f 1351 1357 1352
f 1352 1357 1351
f 1352 1357 1358
f 1358 1357 1352
f 1352 1358 1353
f 1353 1358 1352
f 1353 1358 1359
f 1359 1358 1353
f 1353 1359 1354
f 1354 1359 1353
f 1354 1359 1360
f 1360 1359 1354
f 1354 1360 1355
f 1355 1360 1354
f 1356 1361 1362
f 1362 1361 1356
f 1356 1362 1357
f 1357 1362 1356
f 1357 1362 1363
f 1363 1362 1357
f 1357 1363 1358
f 1358 1363 1357
f 1358 1363 1364
f 1364 1363 1358
f 1358 1364 1359
f 1359 1364 1358
f 1359 1364 1365
f 1365 1364 1359
f 1359 1365 1360
f 1360 1365 1359
f 1361 1366 1367
f 1367 1366 1361
f 1361 1367 1362
f 1362 1367 1361
f 1362 1367 1368
f 1368 1367 1362
f 1362 1368 1363
f 1363 1368 1362
f 1363 1368 1369
f 1369 1368 1363
f 1363 1369 1364
f 1364 1369 1363
f 1364 1369 1370
f 1370 1369 1364
f 1364 1370 1365
f 1365 1370 1364
f 1366 1371 1372
f 1372 1371 1366
f 1366 1372 1367
f 1367 1372 1366
f 1367 1372 1373
f 1373 1372 1367
f 1367 1373 1368
f 1368 1373 1367
f 1368 1373 1374
f 1374 1373 1368
f 1368 1374 1369
f 1369 1374 1368
f 1369 1374 1375
f 1375 1374 1369
f 1369 1375 1370
f 1370 1375 1369
f 1371 1376 1377
f 1377 1376 1371
f 1371 1377 1372
f 1372 1377 1371
f 1372 1377 1378
f 1378 1377 1372
f 1372 1378 1373
f 1373 1378 1372
f 1373 1378 1379
f 1379 1378 1373
f 1373 1379 1374
f 1374 1379 1373
f 1374 1379 1380
f 1380 1379 1374
f 1374 1380 1375
f 1375 1380 1374
f 1376 1381 1382
f 1382 1381 1376
f 1376 1382 1377
f 1377 1382 1376
f 1377 1382 1383
f 1383 1382 1377
f 1377 1383 1378
f 1378 1383 1377
f 1378 1383 1384
f 1384 1383 1378
f 1378 1384 1379
f 1379 1384 1378
f 1379 1384 1385
f 1385 1384 1379
f 1379 1385 1380
f 1380 1385 1379
f 1381 1386 1387
f 1387 1386 1381
f 1381 1387 1382
f 1382 1387 1381
f 1382 1387 1388
f 1388 1387 1382
f 1382 1388 1383
f 1383 1388 1382
f 1383 1388 1389
f 1389 1388 1383
f 1383 1389 1384
f 1384 1389 1383
f 1384 1389 1390
f 1390 1389 1384
f 1384 1390 1385
f 1385 1390 1384
f 1386 1391 1392
f 1392 1391 1386
f 1386 1392 1387
f 1387 1392 1386
f 1387 1392 1393
f 1393 1392 1387
f 1387 1393 1388
f 1388 1393 1387
f 1388 1393 1394
f 1394 1393 1388
f 1388 1394 1389
f 1389 1394 1388
f 1389 1394 1395
f 1395 1394 1389
f 1389 1395 1390
f 1390 1395 1389
f 1391 1396 1397
f 1397 1396 1391
f 1391 1397 1392
f 1392 1397 1391
f 1392 1397 1398
f 1398 1397 1392
f 1392 1398 1393
f 1393 1398 1392
f 1393 1398 1399
f 1399 1398 1393
f 1393 1399 1394
f 1394 1399 1393
f 1394 1399 1400
f 1400 1399 1394
f 1394 1400 1395
f 1395 1400 1394
f 1396 1401 1402
f 1402 1401 1396
f 1396 1402 1397
f 1397 1402 1396
f 1397 1402 1403
f 1403 1402 1397
f 1397 1403 1398
f 1398 1403 1397
f 1398 1403 1404
f 1404 1403 1398
f 1398 1404 1399
f 1399 1404 1398
f 1399 1404 1405
f 1405 1404 1399
f 1399 1405 1400
f 1400 1405 1399
f 1401 1406 1407
f 1407 1406 1401
f 1401 1407 1402
f 1402 1407 1401
f 1402 1407 1408
f 1408 1407 1402
f 1402 1408 1403
f 1403 1408 1402
f 1403 1408 1409
f 1409 1408 1403
f 1403 1409 1404
f 1404 1409 1403
f 1404 1409 1410
f 1410 1409 1404
f 1404 1410 1405
f 1405 1410 1404
f 1406 1411 1412
f 1412 1411 1406
f 1406 1412 1407
f 1407 1412 1406
f 1407 1412 1413
f 1413 1412 1407
f 1407 1413 1408
f 1408 1413 1407
f 1408 1413 1414
f 1414 1413 1408
f 1408 1414 1409
f 1409 1414 1408
f 1409 1414 1415
f 1415 1414 1409
f 1409 1415 1410
f 1410 1415 1409
f 1411 1416 1417
f 1417 1416 1411
f 1411 1417 1412
f 1412 1417 1411
f 1412 1417 1418
f 1418 1417 1412
f 1412 1418 1413
f 1413 1418 1412
f 1413 1418 1419
f 1419 1418 1413
f 1413 1419 1414
f 1414 1419 1413
f 1414 1419 1420
f 1420 1419 1414
f 1414 1420 1415
f 1415 1420 1414
f 1416 1421 1422
f 1422 1421 1416
f 1416 1422 1417
f 1417 1422 1416
f 1417 1422 1423
f 1423 1422 1417
f 1417 1423 1418
f 1418 1423 1417
f 1418 1423 1424
f 1424 1423 1418
f 1418 1424 1419
f 1419 1424 1418
f 1419 1424 1425
f 1425 1424 1419
f 1419 1425 1420
f 1420 1425 1419
f 1421 1426 1427
f 1427 1426 1421
f 1421 1427 1422
f 1422 1427 1421
f 1422 1427 1428
f 1428 1427 1422
f 1422 1428 1423
f 1423 1428 1422
f 1423 1428 1429
f 1429 1428 1423
f 1423 1429 1424
f 1424 1429 1423
f 1424 1429 1430
f 1430 1429 1424
f 1424 1430 1425
f 1425 1430 1424
f 1426 1431 1432
f 1432 1431 1426
f 1426 1432 1427
f 1427 1432 1426
f 1427 1432 1433
f 1433 1432 1427
f 1427 1433 1428
f 1428 1433 1427
f 1428 1433 1434
f 1434 1433 1428
f 1428 1434 1429
f 1429 1434 1428
f 1429 1434 1435
f 1435 1434 1429
f 1429 1435 1430
f 1430 1435 1429
f 1431 1436 1437
f 1437 1436 1431
f 1431 1437 1432
f 1432 1437 1431
f 1432 1437 1438
f 1438 1437 1432
f 1432 1438 1433
f 1433 1438 1432
f 1433 1438 1439
f 1439 1438 1433
f 1433 1439 1434
f 1434 1439 1433
f 1434 1439 1440
f 1440 1439 1434
f 1434 1440 1435
f 1435 1440 1434
